Bang_Con;Cot_KhoaNgoai;Bang_Cha;Cot_KhoaChinh;CONSTRAINT_NAME
CHUNG_TU_CU;DNPLCU_TKID;DNPLCU_TK;DNPLCU_TKID;FK_CHUNG_TU_CU_DNPLCU_TK
CX_DCHITIETNT;LAN_TL;CX_DDSTKNFIFO;LAN_TL;FK_CX_DCHITIETNT_CX_DDSTKNFIFO
CX_DCHITIETNT;MA_DV;CX_DDSTKNFIFO;LAN_TL;FK_CX_DCHITIETNT_CX_DDSTKNFIFO
CX_DCHITIETNT;MA_HQ;CX_DDSTKNFIFO;LAN_TL;FK_CX_DCHITIETNT_CX_DDSTKNFIFO
CX_DCHITIETNT;MA_LH;CX_DDSTKNFIFO;LAN_TL;FK_CX_DCHITIETNT_CX_DDSTKNFIFO
CX_DCHITIETNT;NAMDK;CX_DDSTKNFIFO;LAN_TL;FK_CX_DCHITIETNT_CX_DDSTKNFIFO
CX_DCHITIETNT;SOTK;CX_DDSTKNFIFO;LAN_TL;FK_CX_DCHITIETNT_CX_DDSTKNFIFO
CX_DCHITIETNT;LAN_TL;CX_DDSTKNFIFO;SOTK;FK_CX_DCHITIETNT_CX_DDSTKNFIFO
CX_DCHITIETNT;MA_DV;CX_DDSTKNFIFO;SOTK;FK_CX_DCHITIETNT_CX_DDSTKNFIFO
CX_DCHITIETNT;MA_HQ;CX_DDSTKNFIFO;SOTK;FK_CX_DCHITIETNT_CX_DDSTKNFIFO
CX_DCHITIETNT;MA_LH;CX_DDSTKNFIFO;SOTK;FK_CX_DCHITIETNT_CX_DDSTKNFIFO
CX_DCHITIETNT;NAMDK;CX_DDSTKNFIFO;SOTK;FK_CX_DCHITIETNT_CX_DDSTKNFIFO
CX_DCHITIETNT;SOTK;CX_DDSTKNFIFO;SOTK;FK_CX_DCHITIETNT_CX_DDSTKNFIFO
CX_DCHITIETNT;LAN_TL;CX_DDSTKNFIFO;NAMDK;FK_CX_DCHITIETNT_CX_DDSTKNFIFO
CX_DCHITIETNT;MA_DV;CX_DDSTKNFIFO;NAMDK;FK_CX_DCHITIETNT_CX_DDSTKNFIFO
CX_DCHITIETNT;MA_HQ;CX_DDSTKNFIFO;NAMDK;FK_CX_DCHITIETNT_CX_DDSTKNFIFO
CX_DCHITIETNT;MA_LH;CX_DDSTKNFIFO;NAMDK;FK_CX_DCHITIETNT_CX_DDSTKNFIFO
CX_DCHITIETNT;NAMDK;CX_DDSTKNFIFO;NAMDK;FK_CX_DCHITIETNT_CX_DDSTKNFIFO
CX_DCHITIETNT;SOTK;CX_DDSTKNFIFO;NAMDK;FK_CX_DCHITIETNT_CX_DDSTKNFIFO
CX_DCHITIETNT;LAN_TL;CX_DDSTKNFIFO;MA_LH;FK_CX_DCHITIETNT_CX_DDSTKNFIFO
CX_DCHITIETNT;MA_DV;CX_DDSTKNFIFO;MA_LH;FK_CX_DCHITIETNT_CX_DDSTKNFIFO
CX_DCHITIETNT;MA_HQ;CX_DDSTKNFIFO;MA_LH;FK_CX_DCHITIETNT_CX_DDSTKNFIFO
CX_DCHITIETNT;MA_LH;CX_DDSTKNFIFO;MA_LH;FK_CX_DCHITIETNT_CX_DDSTKNFIFO
CX_DCHITIETNT;NAMDK;CX_DDSTKNFIFO;MA_LH;FK_CX_DCHITIETNT_CX_DDSTKNFIFO
CX_DCHITIETNT;SOTK;CX_DDSTKNFIFO;MA_LH;FK_CX_DCHITIETNT_CX_DDSTKNFIFO
CX_DCHITIETNT;LAN_TL;CX_DDSTKNFIFO;MA_HQ;FK_CX_DCHITIETNT_CX_DDSTKNFIFO
CX_DCHITIETNT;MA_DV;CX_DDSTKNFIFO;MA_HQ;FK_CX_DCHITIETNT_CX_DDSTKNFIFO
CX_DCHITIETNT;MA_HQ;CX_DDSTKNFIFO;MA_HQ;FK_CX_DCHITIETNT_CX_DDSTKNFIFO
CX_DCHITIETNT;MA_LH;CX_DDSTKNFIFO;MA_HQ;FK_CX_DCHITIETNT_CX_DDSTKNFIFO
CX_DCHITIETNT;NAMDK;CX_DDSTKNFIFO;MA_HQ;FK_CX_DCHITIETNT_CX_DDSTKNFIFO
CX_DCHITIETNT;SOTK;CX_DDSTKNFIFO;MA_HQ;FK_CX_DCHITIETNT_CX_DDSTKNFIFO
CX_DCHITIETNT;LAN_TL;CX_DDSTKNFIFO;MA_DV;FK_CX_DCHITIETNT_CX_DDSTKNFIFO
CX_DCHITIETNT;MA_DV;CX_DDSTKNFIFO;MA_DV;FK_CX_DCHITIETNT_CX_DDSTKNFIFO
CX_DCHITIETNT;MA_HQ;CX_DDSTKNFIFO;MA_DV;FK_CX_DCHITIETNT_CX_DDSTKNFIFO
CX_DCHITIETNT;MA_LH;CX_DDSTKNFIFO;MA_DV;FK_CX_DCHITIETNT_CX_DDSTKNFIFO
CX_DCHITIETNT;NAMDK;CX_DDSTKNFIFO;MA_DV;FK_CX_DCHITIETNT_CX_DDSTKNFIFO
CX_DCHITIETNT;SOTK;CX_DDSTKNFIFO;MA_DV;FK_CX_DCHITIETNT_CX_DDSTKNFIFO
CX_DNPLCHUATL;LAN_TL;CX_DDSTKNFIFO;LAN_TL;FK_CX_DNPLCHUATL_CX_DDSTKNFIFO
CX_DNPLCHUATL;MA_DV;CX_DDSTKNFIFO;LAN_TL;FK_CX_DNPLCHUATL_CX_DDSTKNFIFO
CX_DNPLCHUATL;MA_HQ;CX_DDSTKNFIFO;LAN_TL;FK_CX_DNPLCHUATL_CX_DDSTKNFIFO
CX_DNPLCHUATL;MA_LH;CX_DDSTKNFIFO;LAN_TL;FK_CX_DNPLCHUATL_CX_DDSTKNFIFO
CX_DNPLCHUATL;NAMDK;CX_DDSTKNFIFO;LAN_TL;FK_CX_DNPLCHUATL_CX_DDSTKNFIFO
CX_DNPLCHUATL;SOTK;CX_DDSTKNFIFO;LAN_TL;FK_CX_DNPLCHUATL_CX_DDSTKNFIFO
CX_DNPLCHUATL;LAN_TL;CX_DDSTKNFIFO;SOTK;FK_CX_DNPLCHUATL_CX_DDSTKNFIFO
CX_DNPLCHUATL;MA_DV;CX_DDSTKNFIFO;SOTK;FK_CX_DNPLCHUATL_CX_DDSTKNFIFO
CX_DNPLCHUATL;MA_HQ;CX_DDSTKNFIFO;SOTK;FK_CX_DNPLCHUATL_CX_DDSTKNFIFO
CX_DNPLCHUATL;MA_LH;CX_DDSTKNFIFO;SOTK;FK_CX_DNPLCHUATL_CX_DDSTKNFIFO
CX_DNPLCHUATL;NAMDK;CX_DDSTKNFIFO;SOTK;FK_CX_DNPLCHUATL_CX_DDSTKNFIFO
CX_DNPLCHUATL;SOTK;CX_DDSTKNFIFO;SOTK;FK_CX_DNPLCHUATL_CX_DDSTKNFIFO
CX_DNPLCHUATL;LAN_TL;CX_DDSTKNFIFO;NAMDK;FK_CX_DNPLCHUATL_CX_DDSTKNFIFO
CX_DNPLCHUATL;MA_DV;CX_DDSTKNFIFO;NAMDK;FK_CX_DNPLCHUATL_CX_DDSTKNFIFO
CX_DNPLCHUATL;MA_HQ;CX_DDSTKNFIFO;NAMDK;FK_CX_DNPLCHUATL_CX_DDSTKNFIFO
CX_DNPLCHUATL;MA_LH;CX_DDSTKNFIFO;NAMDK;FK_CX_DNPLCHUATL_CX_DDSTKNFIFO
CX_DNPLCHUATL;NAMDK;CX_DDSTKNFIFO;NAMDK;FK_CX_DNPLCHUATL_CX_DDSTKNFIFO
CX_DNPLCHUATL;SOTK;CX_DDSTKNFIFO;NAMDK;FK_CX_DNPLCHUATL_CX_DDSTKNFIFO
CX_DNPLCHUATL;LAN_TL;CX_DDSTKNFIFO;MA_LH;FK_CX_DNPLCHUATL_CX_DDSTKNFIFO
CX_DNPLCHUATL;MA_DV;CX_DDSTKNFIFO;MA_LH;FK_CX_DNPLCHUATL_CX_DDSTKNFIFO
CX_DNPLCHUATL;MA_HQ;CX_DDSTKNFIFO;MA_LH;FK_CX_DNPLCHUATL_CX_DDSTKNFIFO
CX_DNPLCHUATL;MA_LH;CX_DDSTKNFIFO;MA_LH;FK_CX_DNPLCHUATL_CX_DDSTKNFIFO
CX_DNPLCHUATL;NAMDK;CX_DDSTKNFIFO;MA_LH;FK_CX_DNPLCHUATL_CX_DDSTKNFIFO
CX_DNPLCHUATL;SOTK;CX_DDSTKNFIFO;MA_LH;FK_CX_DNPLCHUATL_CX_DDSTKNFIFO
CX_DNPLCHUATL;LAN_TL;CX_DDSTKNFIFO;MA_HQ;FK_CX_DNPLCHUATL_CX_DDSTKNFIFO
CX_DNPLCHUATL;MA_DV;CX_DDSTKNFIFO;MA_HQ;FK_CX_DNPLCHUATL_CX_DDSTKNFIFO
CX_DNPLCHUATL;MA_HQ;CX_DDSTKNFIFO;MA_HQ;FK_CX_DNPLCHUATL_CX_DDSTKNFIFO
CX_DNPLCHUATL;MA_LH;CX_DDSTKNFIFO;MA_HQ;FK_CX_DNPLCHUATL_CX_DDSTKNFIFO
CX_DNPLCHUATL;NAMDK;CX_DDSTKNFIFO;MA_HQ;FK_CX_DNPLCHUATL_CX_DDSTKNFIFO
CX_DNPLCHUATL;SOTK;CX_DDSTKNFIFO;MA_HQ;FK_CX_DNPLCHUATL_CX_DDSTKNFIFO
CX_DNPLCHUATL;LAN_TL;CX_DDSTKNFIFO;MA_DV;FK_CX_DNPLCHUATL_CX_DDSTKNFIFO
CX_DNPLCHUATL;MA_DV;CX_DDSTKNFIFO;MA_DV;FK_CX_DNPLCHUATL_CX_DDSTKNFIFO
CX_DNPLCHUATL;MA_HQ;CX_DDSTKNFIFO;MA_DV;FK_CX_DNPLCHUATL_CX_DDSTKNFIFO
CX_DNPLCHUATL;MA_LH;CX_DDSTKNFIFO;MA_DV;FK_CX_DNPLCHUATL_CX_DDSTKNFIFO
CX_DNPLCHUATL;NAMDK;CX_DDSTKNFIFO;MA_DV;FK_CX_DNPLCHUATL_CX_DDSTKNFIFO
CX_DNPLCHUATL;SOTK;CX_DDSTKNFIFO;MA_DV;FK_CX_DNPLCHUATL_CX_DDSTKNFIFO
CX_DNPLNTMAN;LAN_TL;CX_DDSTKNFIFO;LAN_TL;FK_CX_DNPLNTMAN_CX_DDSTKNFIFO
CX_DNPLNTMAN;MA_DV;CX_DDSTKNFIFO;LAN_TL;FK_CX_DNPLNTMAN_CX_DDSTKNFIFO
CX_DNPLNTMAN;MA_HQ;CX_DDSTKNFIFO;LAN_TL;FK_CX_DNPLNTMAN_CX_DDSTKNFIFO
CX_DNPLNTMAN;MA_LH;CX_DDSTKNFIFO;LAN_TL;FK_CX_DNPLNTMAN_CX_DDSTKNFIFO
CX_DNPLNTMAN;NAMDK;CX_DDSTKNFIFO;LAN_TL;FK_CX_DNPLNTMAN_CX_DDSTKNFIFO
CX_DNPLNTMAN;SOTK;CX_DDSTKNFIFO;LAN_TL;FK_CX_DNPLNTMAN_CX_DDSTKNFIFO
CX_DNPLNTMAN;LAN_TL;CX_DDSTKNFIFO;SOTK;FK_CX_DNPLNTMAN_CX_DDSTKNFIFO
CX_DNPLNTMAN;MA_DV;CX_DDSTKNFIFO;SOTK;FK_CX_DNPLNTMAN_CX_DDSTKNFIFO
CX_DNPLNTMAN;MA_HQ;CX_DDSTKNFIFO;SOTK;FK_CX_DNPLNTMAN_CX_DDSTKNFIFO
CX_DNPLNTMAN;MA_LH;CX_DDSTKNFIFO;SOTK;FK_CX_DNPLNTMAN_CX_DDSTKNFIFO
CX_DNPLNTMAN;NAMDK;CX_DDSTKNFIFO;SOTK;FK_CX_DNPLNTMAN_CX_DDSTKNFIFO
CX_DNPLNTMAN;SOTK;CX_DDSTKNFIFO;SOTK;FK_CX_DNPLNTMAN_CX_DDSTKNFIFO
CX_DNPLNTMAN;LAN_TL;CX_DDSTKNFIFO;NAMDK;FK_CX_DNPLNTMAN_CX_DDSTKNFIFO
CX_DNPLNTMAN;MA_DV;CX_DDSTKNFIFO;NAMDK;FK_CX_DNPLNTMAN_CX_DDSTKNFIFO
CX_DNPLNTMAN;MA_HQ;CX_DDSTKNFIFO;NAMDK;FK_CX_DNPLNTMAN_CX_DDSTKNFIFO
CX_DNPLNTMAN;MA_LH;CX_DDSTKNFIFO;NAMDK;FK_CX_DNPLNTMAN_CX_DDSTKNFIFO
CX_DNPLNTMAN;NAMDK;CX_DDSTKNFIFO;NAMDK;FK_CX_DNPLNTMAN_CX_DDSTKNFIFO
CX_DNPLNTMAN;SOTK;CX_DDSTKNFIFO;NAMDK;FK_CX_DNPLNTMAN_CX_DDSTKNFIFO
CX_DNPLNTMAN;LAN_TL;CX_DDSTKNFIFO;MA_LH;FK_CX_DNPLNTMAN_CX_DDSTKNFIFO
CX_DNPLNTMAN;MA_DV;CX_DDSTKNFIFO;MA_LH;FK_CX_DNPLNTMAN_CX_DDSTKNFIFO
CX_DNPLNTMAN;MA_HQ;CX_DDSTKNFIFO;MA_LH;FK_CX_DNPLNTMAN_CX_DDSTKNFIFO
CX_DNPLNTMAN;MA_LH;CX_DDSTKNFIFO;MA_LH;FK_CX_DNPLNTMAN_CX_DDSTKNFIFO
CX_DNPLNTMAN;NAMDK;CX_DDSTKNFIFO;MA_LH;FK_CX_DNPLNTMAN_CX_DDSTKNFIFO
CX_DNPLNTMAN;SOTK;CX_DDSTKNFIFO;MA_LH;FK_CX_DNPLNTMAN_CX_DDSTKNFIFO
CX_DNPLNTMAN;LAN_TL;CX_DDSTKNFIFO;MA_HQ;FK_CX_DNPLNTMAN_CX_DDSTKNFIFO
CX_DNPLNTMAN;MA_DV;CX_DDSTKNFIFO;MA_HQ;FK_CX_DNPLNTMAN_CX_DDSTKNFIFO
CX_DNPLNTMAN;MA_HQ;CX_DDSTKNFIFO;MA_HQ;FK_CX_DNPLNTMAN_CX_DDSTKNFIFO
CX_DNPLNTMAN;MA_LH;CX_DDSTKNFIFO;MA_HQ;FK_CX_DNPLNTMAN_CX_DDSTKNFIFO
CX_DNPLNTMAN;NAMDK;CX_DDSTKNFIFO;MA_HQ;FK_CX_DNPLNTMAN_CX_DDSTKNFIFO
CX_DNPLNTMAN;SOTK;CX_DDSTKNFIFO;MA_HQ;FK_CX_DNPLNTMAN_CX_DDSTKNFIFO
CX_DNPLNTMAN;LAN_TL;CX_DDSTKNFIFO;MA_DV;FK_CX_DNPLNTMAN_CX_DDSTKNFIFO
CX_DNPLNTMAN;MA_DV;CX_DDSTKNFIFO;MA_DV;FK_CX_DNPLNTMAN_CX_DDSTKNFIFO
CX_DNPLNTMAN;MA_HQ;CX_DDSTKNFIFO;MA_DV;FK_CX_DNPLNTMAN_CX_DDSTKNFIFO
CX_DNPLNTMAN;MA_LH;CX_DDSTKNFIFO;MA_DV;FK_CX_DNPLNTMAN_CX_DDSTKNFIFO
CX_DNPLNTMAN;NAMDK;CX_DDSTKNFIFO;MA_DV;FK_CX_DNPLNTMAN_CX_DDSTKNFIFO
CX_DNPLNTMAN;SOTK;CX_DDSTKNFIFO;MA_DV;FK_CX_DNPLNTMAN_CX_DDSTKNFIFO
CX_DNPLSDMAN;LAN_TL;CX_DDSTKNFIFO;LAN_TL;FK_CX_DNPLSDMAN_CX_DDSTKNFIFO
CX_DNPLSDMAN;MA_DV;CX_DDSTKNFIFO;LAN_TL;FK_CX_DNPLSDMAN_CX_DDSTKNFIFO
CX_DNPLSDMAN;MA_HQ;CX_DDSTKNFIFO;LAN_TL;FK_CX_DNPLSDMAN_CX_DDSTKNFIFO
CX_DNPLSDMAN;MA_LH;CX_DDSTKNFIFO;LAN_TL;FK_CX_DNPLSDMAN_CX_DDSTKNFIFO
CX_DNPLSDMAN;NAMDK;CX_DDSTKNFIFO;LAN_TL;FK_CX_DNPLSDMAN_CX_DDSTKNFIFO
CX_DNPLSDMAN;SOTK;CX_DDSTKNFIFO;LAN_TL;FK_CX_DNPLSDMAN_CX_DDSTKNFIFO
CX_DNPLSDMAN;SOTKX;CX_DDSTKXFIFO;SOTKX;FK_CX_DNPLSDMAN_CX_DDSTKXFIFO
CX_DNPLSDMAN;LAN_TL;CX_DDSTKXFIFO;SOTKX;FK_CX_DNPLSDMAN_CX_DDSTKXFIFO
CX_DNPLSDMAN;MA_DV;CX_DDSTKXFIFO;SOTKX;FK_CX_DNPLSDMAN_CX_DDSTKXFIFO
CX_DNPLSDMAN;MA_HQ;CX_DDSTKXFIFO;SOTKX;FK_CX_DNPLSDMAN_CX_DDSTKXFIFO
CX_DNPLSDMAN;MA_HQX;CX_DDSTKXFIFO;SOTKX;FK_CX_DNPLSDMAN_CX_DDSTKXFIFO
CX_DNPLSDMAN;MA_LHX;CX_DDSTKXFIFO;SOTKX;FK_CX_DNPLSDMAN_CX_DDSTKXFIFO
CX_DNPLSDMAN;NAMDKX;CX_DDSTKXFIFO;SOTKX;FK_CX_DNPLSDMAN_CX_DDSTKXFIFO
CX_DNPLSDMAN;MA_DV;CX_DDSTKXFIFO;NAMDKX;FK_CX_DNPLSDMAN_CX_DDSTKXFIFO
CX_DNPLSDMAN;MA_HQ;CX_DDSTKXFIFO;NAMDKX;FK_CX_DNPLSDMAN_CX_DDSTKXFIFO
CX_DNPLSDMAN;MA_HQX;CX_DDSTKXFIFO;NAMDKX;FK_CX_DNPLSDMAN_CX_DDSTKXFIFO
CX_DNPLSDMAN;MA_LHX;CX_DDSTKXFIFO;NAMDKX;FK_CX_DNPLSDMAN_CX_DDSTKXFIFO
CX_DNPLSDMAN;NAMDKX;CX_DDSTKXFIFO;NAMDKX;FK_CX_DNPLSDMAN_CX_DDSTKXFIFO
CX_DNPLSDMAN;SOTKX;CX_DDSTKXFIFO;NAMDKX;FK_CX_DNPLSDMAN_CX_DDSTKXFIFO
CX_DNPLSDMAN;MA_HQ;CX_DDSTKXFIFO;MA_LHX;FK_CX_DNPLSDMAN_CX_DDSTKXFIFO
CX_DNPLSDMAN;MA_HQX;CX_DDSTKXFIFO;MA_LHX;FK_CX_DNPLSDMAN_CX_DDSTKXFIFO
CX_DNPLSDMAN;MA_LHX;CX_DDSTKXFIFO;MA_LHX;FK_CX_DNPLSDMAN_CX_DDSTKXFIFO
CX_DNPLSDMAN;NAMDKX;CX_DDSTKXFIFO;MA_LHX;FK_CX_DNPLSDMAN_CX_DDSTKXFIFO
CX_DNPLSDMAN;SOTKX;CX_DDSTKXFIFO;MA_LHX;FK_CX_DNPLSDMAN_CX_DDSTKXFIFO
CX_DNPLSDMAN;LAN_TL;CX_DDSTKXFIFO;NAMDKX;FK_CX_DNPLSDMAN_CX_DDSTKXFIFO
CX_DNPLSDMAN;MA_HQX;CX_DDSTKXFIFO;MA_HQX;FK_CX_DNPLSDMAN_CX_DDSTKXFIFO
CX_DNPLSDMAN;MA_LHX;CX_DDSTKXFIFO;MA_HQX;FK_CX_DNPLSDMAN_CX_DDSTKXFIFO
CX_DNPLSDMAN;NAMDKX;CX_DDSTKXFIFO;MA_HQX;FK_CX_DNPLSDMAN_CX_DDSTKXFIFO
CX_DNPLSDMAN;SOTKX;CX_DDSTKXFIFO;MA_HQX;FK_CX_DNPLSDMAN_CX_DDSTKXFIFO
CX_DNPLSDMAN;LAN_TL;CX_DDSTKXFIFO;MA_LHX;FK_CX_DNPLSDMAN_CX_DDSTKXFIFO
CX_DNPLSDMAN;MA_DV;CX_DDSTKXFIFO;MA_LHX;FK_CX_DNPLSDMAN_CX_DDSTKXFIFO
CX_DNPLSDMAN;MA_LHX;CX_DDSTKXFIFO;MA_HQ;FK_CX_DNPLSDMAN_CX_DDSTKXFIFO
CX_DNPLSDMAN;NAMDKX;CX_DDSTKXFIFO;MA_HQ;FK_CX_DNPLSDMAN_CX_DDSTKXFIFO
CX_DNPLSDMAN;SOTKX;CX_DDSTKXFIFO;MA_HQ;FK_CX_DNPLSDMAN_CX_DDSTKXFIFO
CX_DNPLSDMAN;LAN_TL;CX_DDSTKXFIFO;MA_HQX;FK_CX_DNPLSDMAN_CX_DDSTKXFIFO
CX_DNPLSDMAN;MA_DV;CX_DDSTKXFIFO;MA_HQX;FK_CX_DNPLSDMAN_CX_DDSTKXFIFO
CX_DNPLSDMAN;MA_HQ;CX_DDSTKXFIFO;MA_HQX;FK_CX_DNPLSDMAN_CX_DDSTKXFIFO
CX_DNPLSDMAN;NAMDKX;CX_DDSTKXFIFO;MA_DV;FK_CX_DNPLSDMAN_CX_DDSTKXFIFO
CX_DNPLSDMAN;SOTKX;CX_DDSTKXFIFO;MA_DV;FK_CX_DNPLSDMAN_CX_DDSTKXFIFO
CX_DNPLSDMAN;LAN_TL;CX_DDSTKXFIFO;MA_HQ;FK_CX_DNPLSDMAN_CX_DDSTKXFIFO
CX_DNPLSDMAN;MA_DV;CX_DDSTKXFIFO;MA_HQ;FK_CX_DNPLSDMAN_CX_DDSTKXFIFO
CX_DNPLSDMAN;MA_HQ;CX_DDSTKXFIFO;MA_HQ;FK_CX_DNPLSDMAN_CX_DDSTKXFIFO
CX_DNPLSDMAN;MA_HQX;CX_DDSTKXFIFO;MA_HQ;FK_CX_DNPLSDMAN_CX_DDSTKXFIFO
CX_DNPLSDMAN;SOTKX;CX_DDSTKXFIFO;LAN_TL;FK_CX_DNPLSDMAN_CX_DDSTKXFIFO
CX_DNPLSDMAN;LAN_TL;CX_DDSTKXFIFO;MA_DV;FK_CX_DNPLSDMAN_CX_DDSTKXFIFO
CX_DNPLSDMAN;MA_DV;CX_DDSTKXFIFO;MA_DV;FK_CX_DNPLSDMAN_CX_DDSTKXFIFO
CX_DNPLSDMAN;MA_HQ;CX_DDSTKXFIFO;MA_DV;FK_CX_DNPLSDMAN_CX_DDSTKXFIFO
CX_DNPLSDMAN;MA_HQX;CX_DDSTKXFIFO;MA_DV;FK_CX_DNPLSDMAN_CX_DDSTKXFIFO
CX_DNPLSDMAN;MA_LHX;CX_DDSTKXFIFO;MA_DV;FK_CX_DNPLSDMAN_CX_DDSTKXFIFO
CX_DNPLSDMAN;LAN_TL;CX_DDSTKXFIFO;LAN_TL;FK_CX_DNPLSDMAN_CX_DDSTKXFIFO
CX_DNPLSDMAN;MA_DV;CX_DDSTKXFIFO;LAN_TL;FK_CX_DNPLSDMAN_CX_DDSTKXFIFO
CX_DNPLSDMAN;MA_HQ;CX_DDSTKXFIFO;LAN_TL;FK_CX_DNPLSDMAN_CX_DDSTKXFIFO
CX_DNPLSDMAN;MA_HQX;CX_DDSTKXFIFO;LAN_TL;FK_CX_DNPLSDMAN_CX_DDSTKXFIFO
CX_DNPLSDMAN;MA_LHX;CX_DDSTKXFIFO;LAN_TL;FK_CX_DNPLSDMAN_CX_DDSTKXFIFO
CX_DNPLSDMAN;NAMDKX;CX_DDSTKXFIFO;LAN_TL;FK_CX_DNPLSDMAN_CX_DDSTKXFIFO
CX_DNPLSDMAN;LAN_TL;CX_DDSTKNFIFO;SOTK;FK_CX_DNPLSDMAN_CX_DDSTKNFIFO
CX_DNPLSDMAN;MA_DV;CX_DDSTKNFIFO;SOTK;FK_CX_DNPLSDMAN_CX_DDSTKNFIFO
CX_DNPLSDMAN;MA_HQ;CX_DDSTKNFIFO;SOTK;FK_CX_DNPLSDMAN_CX_DDSTKNFIFO
CX_DNPLSDMAN;MA_LH;CX_DDSTKNFIFO;SOTK;FK_CX_DNPLSDMAN_CX_DDSTKNFIFO
CX_DNPLSDMAN;NAMDK;CX_DDSTKNFIFO;SOTK;FK_CX_DNPLSDMAN_CX_DDSTKNFIFO
CX_DNPLSDMAN;SOTK;CX_DDSTKNFIFO;SOTK;FK_CX_DNPLSDMAN_CX_DDSTKNFIFO
CX_DNPLSDMAN;LAN_TL;CX_DDSTKNFIFO;NAMDK;FK_CX_DNPLSDMAN_CX_DDSTKNFIFO
CX_DNPLSDMAN;MA_DV;CX_DDSTKNFIFO;NAMDK;FK_CX_DNPLSDMAN_CX_DDSTKNFIFO
CX_DNPLSDMAN;MA_HQ;CX_DDSTKNFIFO;NAMDK;FK_CX_DNPLSDMAN_CX_DDSTKNFIFO
CX_DNPLSDMAN;MA_LH;CX_DDSTKNFIFO;NAMDK;FK_CX_DNPLSDMAN_CX_DDSTKNFIFO
CX_DNPLSDMAN;NAMDK;CX_DDSTKNFIFO;NAMDK;FK_CX_DNPLSDMAN_CX_DDSTKNFIFO
CX_DNPLSDMAN;SOTK;CX_DDSTKNFIFO;NAMDK;FK_CX_DNPLSDMAN_CX_DDSTKNFIFO
CX_DNPLSDMAN;LAN_TL;CX_DDSTKNFIFO;MA_LH;FK_CX_DNPLSDMAN_CX_DDSTKNFIFO
CX_DNPLSDMAN;MA_DV;CX_DDSTKNFIFO;MA_LH;FK_CX_DNPLSDMAN_CX_DDSTKNFIFO
CX_DNPLSDMAN;MA_HQ;CX_DDSTKNFIFO;MA_LH;FK_CX_DNPLSDMAN_CX_DDSTKNFIFO
CX_DNPLSDMAN;MA_LH;CX_DDSTKNFIFO;MA_LH;FK_CX_DNPLSDMAN_CX_DDSTKNFIFO
CX_DNPLSDMAN;NAMDK;CX_DDSTKNFIFO;MA_LH;FK_CX_DNPLSDMAN_CX_DDSTKNFIFO
CX_DNPLSDMAN;SOTK;CX_DDSTKNFIFO;MA_LH;FK_CX_DNPLSDMAN_CX_DDSTKNFIFO
CX_DNPLSDMAN;LAN_TL;CX_DDSTKNFIFO;MA_HQ;FK_CX_DNPLSDMAN_CX_DDSTKNFIFO
CX_DNPLSDMAN;MA_DV;CX_DDSTKNFIFO;MA_HQ;FK_CX_DNPLSDMAN_CX_DDSTKNFIFO
CX_DNPLSDMAN;MA_HQ;CX_DDSTKNFIFO;MA_HQ;FK_CX_DNPLSDMAN_CX_DDSTKNFIFO
CX_DNPLSDMAN;MA_LH;CX_DDSTKNFIFO;MA_HQ;FK_CX_DNPLSDMAN_CX_DDSTKNFIFO
CX_DNPLSDMAN;NAMDK;CX_DDSTKNFIFO;MA_HQ;FK_CX_DNPLSDMAN_CX_DDSTKNFIFO
CX_DNPLSDMAN;SOTK;CX_DDSTKNFIFO;MA_HQ;FK_CX_DNPLSDMAN_CX_DDSTKNFIFO
CX_DNPLSDMAN;LAN_TL;CX_DDSTKNFIFO;MA_DV;FK_CX_DNPLSDMAN_CX_DDSTKNFIFO
CX_DNPLSDMAN;MA_DV;CX_DDSTKNFIFO;MA_DV;FK_CX_DNPLSDMAN_CX_DDSTKNFIFO
CX_DNPLSDMAN;MA_HQ;CX_DDSTKNFIFO;MA_DV;FK_CX_DNPLSDMAN_CX_DDSTKNFIFO
CX_DNPLSDMAN;MA_LH;CX_DDSTKNFIFO;MA_DV;FK_CX_DNPLSDMAN_CX_DDSTKNFIFO
CX_DNPLSDMAN;NAMDK;CX_DDSTKNFIFO;MA_DV;FK_CX_DNPLSDMAN_CX_DDSTKNFIFO
CX_DNPLSDMAN;SOTK;CX_DDSTKNFIFO;MA_DV;FK_CX_DNPLSDMAN_CX_DDSTKNFIFO
CX_DNPLTXMAN;LAN_TL;CX_DDSTKNFIFO;LAN_TL;FK_CX_DNPLTXMAN_CX_DDSTKNFIFO
CX_DNPLTXMAN;MA_DV;CX_DDSTKNFIFO;LAN_TL;FK_CX_DNPLTXMAN_CX_DDSTKNFIFO
CX_DNPLTXMAN;MA_HQ;CX_DDSTKNFIFO;LAN_TL;FK_CX_DNPLTXMAN_CX_DDSTKNFIFO
CX_DNPLTXMAN;MA_LH;CX_DDSTKNFIFO;LAN_TL;FK_CX_DNPLTXMAN_CX_DDSTKNFIFO
CX_DNPLTXMAN;NAMDK;CX_DDSTKNFIFO;LAN_TL;FK_CX_DNPLTXMAN_CX_DDSTKNFIFO
CX_DNPLTXMAN;SOTK;CX_DDSTKNFIFO;LAN_TL;FK_CX_DNPLTXMAN_CX_DDSTKNFIFO
CX_DNPLTXMAN;MA_LHTX;CX_DDSTKXFIFO;SOTKX;FK_CX_DNPLTXMAN_CX_DDSTKXFIFO
CX_DNPLTXMAN;NAMDKTX;CX_DDSTKXFIFO;SOTKX;FK_CX_DNPLTXMAN_CX_DDSTKXFIFO
CX_DNPLTXMAN;SOTKTX;CX_DDSTKXFIFO;SOTKX;FK_CX_DNPLTXMAN_CX_DDSTKXFIFO
CX_DNPLTXMAN;LAN_TL;CX_DDSTKXFIFO;SOTKX;FK_CX_DNPLTXMAN_CX_DDSTKXFIFO
CX_DNPLTXMAN;MA_DV;CX_DDSTKXFIFO;SOTKX;FK_CX_DNPLTXMAN_CX_DDSTKXFIFO
CX_DNPLTXMAN;MA_HQ;CX_DDSTKXFIFO;SOTKX;FK_CX_DNPLTXMAN_CX_DDSTKXFIFO
CX_DNPLTXMAN;MA_HQTX;CX_DDSTKXFIFO;SOTKX;FK_CX_DNPLTXMAN_CX_DDSTKXFIFO
CX_DNPLTXMAN;SOTKTX;CX_DDSTKXFIFO;NAMDKX;FK_CX_DNPLTXMAN_CX_DDSTKXFIFO
CX_DNPLTXMAN;LAN_TL;CX_DDSTKXFIFO;NAMDKX;FK_CX_DNPLTXMAN_CX_DDSTKXFIFO
CX_DNPLTXMAN;MA_DV;CX_DDSTKXFIFO;NAMDKX;FK_CX_DNPLTXMAN_CX_DDSTKXFIFO
CX_DNPLTXMAN;MA_HQ;CX_DDSTKXFIFO;NAMDKX;FK_CX_DNPLTXMAN_CX_DDSTKXFIFO
CX_DNPLTXMAN;MA_HQTX;CX_DDSTKXFIFO;NAMDKX;FK_CX_DNPLTXMAN_CX_DDSTKXFIFO
CX_DNPLTXMAN;MA_LHTX;CX_DDSTKXFIFO;NAMDKX;FK_CX_DNPLTXMAN_CX_DDSTKXFIFO
CX_DNPLTXMAN;LAN_TL;CX_DDSTKXFIFO;MA_LHX;FK_CX_DNPLTXMAN_CX_DDSTKXFIFO
CX_DNPLTXMAN;MA_DV;CX_DDSTKXFIFO;MA_LHX;FK_CX_DNPLTXMAN_CX_DDSTKXFIFO
CX_DNPLTXMAN;MA_HQ;CX_DDSTKXFIFO;MA_LHX;FK_CX_DNPLTXMAN_CX_DDSTKXFIFO
CX_DNPLTXMAN;MA_HQTX;CX_DDSTKXFIFO;MA_LHX;FK_CX_DNPLTXMAN_CX_DDSTKXFIFO
CX_DNPLTXMAN;MA_LHTX;CX_DDSTKXFIFO;MA_LHX;FK_CX_DNPLTXMAN_CX_DDSTKXFIFO
CX_DNPLTXMAN;NAMDKTX;CX_DDSTKXFIFO;NAMDKX;FK_CX_DNPLTXMAN_CX_DDSTKXFIFO
CX_DNPLTXMAN;MA_DV;CX_DDSTKXFIFO;MA_HQX;FK_CX_DNPLTXMAN_CX_DDSTKXFIFO
CX_DNPLTXMAN;MA_HQ;CX_DDSTKXFIFO;MA_HQX;FK_CX_DNPLTXMAN_CX_DDSTKXFIFO
CX_DNPLTXMAN;MA_HQTX;CX_DDSTKXFIFO;MA_HQX;FK_CX_DNPLTXMAN_CX_DDSTKXFIFO
CX_DNPLTXMAN;MA_LHTX;CX_DDSTKXFIFO;MA_HQX;FK_CX_DNPLTXMAN_CX_DDSTKXFIFO
CX_DNPLTXMAN;NAMDKTX;CX_DDSTKXFIFO;MA_LHX;FK_CX_DNPLTXMAN_CX_DDSTKXFIFO
CX_DNPLTXMAN;SOTKTX;CX_DDSTKXFIFO;MA_LHX;FK_CX_DNPLTXMAN_CX_DDSTKXFIFO
CX_DNPLTXMAN;MA_HQ;CX_DDSTKXFIFO;MA_HQ;FK_CX_DNPLTXMAN_CX_DDSTKXFIFO
CX_DNPLTXMAN;MA_HQTX;CX_DDSTKXFIFO;MA_HQ;FK_CX_DNPLTXMAN_CX_DDSTKXFIFO
CX_DNPLTXMAN;MA_LHTX;CX_DDSTKXFIFO;MA_HQ;FK_CX_DNPLTXMAN_CX_DDSTKXFIFO
CX_DNPLTXMAN;NAMDKTX;CX_DDSTKXFIFO;MA_HQX;FK_CX_DNPLTXMAN_CX_DDSTKXFIFO
CX_DNPLTXMAN;SOTKTX;CX_DDSTKXFIFO;MA_HQX;FK_CX_DNPLTXMAN_CX_DDSTKXFIFO
CX_DNPLTXMAN;LAN_TL;CX_DDSTKXFIFO;MA_HQX;FK_CX_DNPLTXMAN_CX_DDSTKXFIFO
CX_DNPLTXMAN;MA_HQTX;CX_DDSTKXFIFO;MA_DV;FK_CX_DNPLTXMAN_CX_DDSTKXFIFO
CX_DNPLTXMAN;MA_LHTX;CX_DDSTKXFIFO;MA_DV;FK_CX_DNPLTXMAN_CX_DDSTKXFIFO
CX_DNPLTXMAN;NAMDKTX;CX_DDSTKXFIFO;MA_HQ;FK_CX_DNPLTXMAN_CX_DDSTKXFIFO
CX_DNPLTXMAN;SOTKTX;CX_DDSTKXFIFO;MA_HQ;FK_CX_DNPLTXMAN_CX_DDSTKXFIFO
CX_DNPLTXMAN;LAN_TL;CX_DDSTKXFIFO;MA_HQ;FK_CX_DNPLTXMAN_CX_DDSTKXFIFO
CX_DNPLTXMAN;MA_DV;CX_DDSTKXFIFO;MA_HQ;FK_CX_DNPLTXMAN_CX_DDSTKXFIFO
CX_DNPLTXMAN;MA_LHTX;CX_DDSTKXFIFO;LAN_TL;FK_CX_DNPLTXMAN_CX_DDSTKXFIFO
CX_DNPLTXMAN;NAMDKTX;CX_DDSTKXFIFO;MA_DV;FK_CX_DNPLTXMAN_CX_DDSTKXFIFO
CX_DNPLTXMAN;SOTKTX;CX_DDSTKXFIFO;MA_DV;FK_CX_DNPLTXMAN_CX_DDSTKXFIFO
CX_DNPLTXMAN;LAN_TL;CX_DDSTKXFIFO;MA_DV;FK_CX_DNPLTXMAN_CX_DDSTKXFIFO
CX_DNPLTXMAN;MA_DV;CX_DDSTKXFIFO;MA_DV;FK_CX_DNPLTXMAN_CX_DDSTKXFIFO
CX_DNPLTXMAN;MA_HQ;CX_DDSTKXFIFO;MA_DV;FK_CX_DNPLTXMAN_CX_DDSTKXFIFO
CX_DNPLTXMAN;NAMDKTX;CX_DDSTKXFIFO;LAN_TL;FK_CX_DNPLTXMAN_CX_DDSTKXFIFO
CX_DNPLTXMAN;SOTKTX;CX_DDSTKXFIFO;LAN_TL;FK_CX_DNPLTXMAN_CX_DDSTKXFIFO
CX_DNPLTXMAN;LAN_TL;CX_DDSTKXFIFO;LAN_TL;FK_CX_DNPLTXMAN_CX_DDSTKXFIFO
CX_DNPLTXMAN;MA_DV;CX_DDSTKXFIFO;LAN_TL;FK_CX_DNPLTXMAN_CX_DDSTKXFIFO
CX_DNPLTXMAN;MA_HQ;CX_DDSTKXFIFO;LAN_TL;FK_CX_DNPLTXMAN_CX_DDSTKXFIFO
CX_DNPLTXMAN;MA_HQTX;CX_DDSTKXFIFO;LAN_TL;FK_CX_DNPLTXMAN_CX_DDSTKXFIFO
CX_DNPLTXMAN;LAN_TL;CX_DDSTKNFIFO;SOTK;FK_CX_DNPLTXMAN_CX_DDSTKNFIFO
CX_DNPLTXMAN;MA_DV;CX_DDSTKNFIFO;SOTK;FK_CX_DNPLTXMAN_CX_DDSTKNFIFO
CX_DNPLTXMAN;MA_HQ;CX_DDSTKNFIFO;SOTK;FK_CX_DNPLTXMAN_CX_DDSTKNFIFO
CX_DNPLTXMAN;MA_LH;CX_DDSTKNFIFO;SOTK;FK_CX_DNPLTXMAN_CX_DDSTKNFIFO
CX_DNPLTXMAN;NAMDK;CX_DDSTKNFIFO;SOTK;FK_CX_DNPLTXMAN_CX_DDSTKNFIFO
CX_DNPLTXMAN;SOTK;CX_DDSTKNFIFO;SOTK;FK_CX_DNPLTXMAN_CX_DDSTKNFIFO
CX_DNPLTXMAN;LAN_TL;CX_DDSTKNFIFO;NAMDK;FK_CX_DNPLTXMAN_CX_DDSTKNFIFO
CX_DNPLTXMAN;MA_DV;CX_DDSTKNFIFO;NAMDK;FK_CX_DNPLTXMAN_CX_DDSTKNFIFO
CX_DNPLTXMAN;MA_HQ;CX_DDSTKNFIFO;NAMDK;FK_CX_DNPLTXMAN_CX_DDSTKNFIFO
CX_DNPLTXMAN;MA_LH;CX_DDSTKNFIFO;NAMDK;FK_CX_DNPLTXMAN_CX_DDSTKNFIFO
CX_DNPLTXMAN;NAMDK;CX_DDSTKNFIFO;NAMDK;FK_CX_DNPLTXMAN_CX_DDSTKNFIFO
CX_DNPLTXMAN;SOTK;CX_DDSTKNFIFO;NAMDK;FK_CX_DNPLTXMAN_CX_DDSTKNFIFO
CX_DNPLTXMAN;LAN_TL;CX_DDSTKNFIFO;MA_LH;FK_CX_DNPLTXMAN_CX_DDSTKNFIFO
CX_DNPLTXMAN;MA_DV;CX_DDSTKNFIFO;MA_LH;FK_CX_DNPLTXMAN_CX_DDSTKNFIFO
CX_DNPLTXMAN;MA_HQ;CX_DDSTKNFIFO;MA_LH;FK_CX_DNPLTXMAN_CX_DDSTKNFIFO
CX_DNPLTXMAN;MA_LH;CX_DDSTKNFIFO;MA_LH;FK_CX_DNPLTXMAN_CX_DDSTKNFIFO
CX_DNPLTXMAN;NAMDK;CX_DDSTKNFIFO;MA_LH;FK_CX_DNPLTXMAN_CX_DDSTKNFIFO
CX_DNPLTXMAN;SOTK;CX_DDSTKNFIFO;MA_LH;FK_CX_DNPLTXMAN_CX_DDSTKNFIFO
CX_DNPLTXMAN;LAN_TL;CX_DDSTKNFIFO;MA_HQ;FK_CX_DNPLTXMAN_CX_DDSTKNFIFO
CX_DNPLTXMAN;MA_DV;CX_DDSTKNFIFO;MA_HQ;FK_CX_DNPLTXMAN_CX_DDSTKNFIFO
CX_DNPLTXMAN;MA_HQ;CX_DDSTKNFIFO;MA_HQ;FK_CX_DNPLTXMAN_CX_DDSTKNFIFO
CX_DNPLTXMAN;MA_LH;CX_DDSTKNFIFO;MA_HQ;FK_CX_DNPLTXMAN_CX_DDSTKNFIFO
CX_DNPLTXMAN;NAMDK;CX_DDSTKNFIFO;MA_HQ;FK_CX_DNPLTXMAN_CX_DDSTKNFIFO
CX_DNPLTXMAN;SOTK;CX_DDSTKNFIFO;MA_HQ;FK_CX_DNPLTXMAN_CX_DDSTKNFIFO
CX_DNPLTXMAN;LAN_TL;CX_DDSTKNFIFO;MA_DV;FK_CX_DNPLTXMAN_CX_DDSTKNFIFO
CX_DNPLTXMAN;MA_DV;CX_DDSTKNFIFO;MA_DV;FK_CX_DNPLTXMAN_CX_DDSTKNFIFO
CX_DNPLTXMAN;MA_HQ;CX_DDSTKNFIFO;MA_DV;FK_CX_DNPLTXMAN_CX_DDSTKNFIFO
CX_DNPLTXMAN;MA_LH;CX_DDSTKNFIFO;MA_DV;FK_CX_DNPLTXMAN_CX_DDSTKNFIFO
CX_DNPLTXMAN;NAMDK;CX_DDSTKNFIFO;MA_DV;FK_CX_DNPLTXMAN_CX_DDSTKNFIFO
CX_DNPLTXMAN;SOTK;CX_DDSTKNFIFO;MA_DV;FK_CX_DNPLTXMAN_CX_DDSTKNFIFO
CX_DNPLXGC;LAN_TL;CX_DDSTKNFIFO;LAN_TL;FK_CX_DNPLXGC_CX_DDSTKNFIFO
CX_DNPLXGC;MA_DV;CX_DDSTKNFIFO;LAN_TL;FK_CX_DNPLXGC_CX_DDSTKNFIFO
CX_DNPLXGC;MA_HQ;CX_DDSTKNFIFO;LAN_TL;FK_CX_DNPLXGC_CX_DDSTKNFIFO
CX_DNPLXGC;MA_LH;CX_DDSTKNFIFO;LAN_TL;FK_CX_DNPLXGC_CX_DDSTKNFIFO
CX_DNPLXGC;NAMDK;CX_DDSTKNFIFO;LAN_TL;FK_CX_DNPLXGC_CX_DDSTKNFIFO
CX_DNPLXGC;SOTK;CX_DDSTKNFIFO;LAN_TL;FK_CX_DNPLXGC_CX_DDSTKNFIFO
CX_DNPLXGC;MA_HQX;CX_DDSTKXFIFO;SOTKX;FK_CX_DNPLXGC_CX_DDSTKXFIFO
CX_DNPLXGC;MA_LHX;CX_DDSTKXFIFO;SOTKX;FK_CX_DNPLXGC_CX_DDSTKXFIFO
CX_DNPLXGC;NAMDKX;CX_DDSTKXFIFO;SOTKX;FK_CX_DNPLXGC_CX_DDSTKXFIFO
CX_DNPLXGC;SOTKX;CX_DDSTKXFIFO;SOTKX;FK_CX_DNPLXGC_CX_DDSTKXFIFO
CX_DNPLXGC;LAN_TL;CX_DDSTKXFIFO;SOTKX;FK_CX_DNPLXGC_CX_DDSTKXFIFO
CX_DNPLXGC;MA_DV;CX_DDSTKXFIFO;SOTKX;FK_CX_DNPLXGC_CX_DDSTKXFIFO
CX_DNPLXGC;MA_HQ;CX_DDSTKXFIFO;SOTKX;FK_CX_DNPLXGC_CX_DDSTKXFIFO
CX_DNPLXGC;NAMDKX;CX_DDSTKXFIFO;NAMDKX;FK_CX_DNPLXGC_CX_DDSTKXFIFO
CX_DNPLXGC;SOTKX;CX_DDSTKXFIFO;NAMDKX;FK_CX_DNPLXGC_CX_DDSTKXFIFO
CX_DNPLXGC;LAN_TL;CX_DDSTKXFIFO;NAMDKX;FK_CX_DNPLXGC_CX_DDSTKXFIFO
CX_DNPLXGC;MA_DV;CX_DDSTKXFIFO;NAMDKX;FK_CX_DNPLXGC_CX_DDSTKXFIFO
CX_DNPLXGC;MA_HQ;CX_DDSTKXFIFO;NAMDKX;FK_CX_DNPLXGC_CX_DDSTKXFIFO
CX_DNPLXGC;MA_HQX;CX_DDSTKXFIFO;NAMDKX;FK_CX_DNPLXGC_CX_DDSTKXFIFO
CX_DNPLXGC;SOTKX;CX_DDSTKXFIFO;MA_LHX;FK_CX_DNPLXGC_CX_DDSTKXFIFO
CX_DNPLXGC;LAN_TL;CX_DDSTKXFIFO;MA_LHX;FK_CX_DNPLXGC_CX_DDSTKXFIFO
CX_DNPLXGC;MA_DV;CX_DDSTKXFIFO;MA_LHX;FK_CX_DNPLXGC_CX_DDSTKXFIFO
CX_DNPLXGC;MA_HQ;CX_DDSTKXFIFO;MA_LHX;FK_CX_DNPLXGC_CX_DDSTKXFIFO
CX_DNPLXGC;MA_HQX;CX_DDSTKXFIFO;MA_LHX;FK_CX_DNPLXGC_CX_DDSTKXFIFO
CX_DNPLXGC;MA_LHX;CX_DDSTKXFIFO;NAMDKX;FK_CX_DNPLXGC_CX_DDSTKXFIFO
CX_DNPLXGC;LAN_TL;CX_DDSTKXFIFO;MA_HQX;FK_CX_DNPLXGC_CX_DDSTKXFIFO
CX_DNPLXGC;MA_DV;CX_DDSTKXFIFO;MA_HQX;FK_CX_DNPLXGC_CX_DDSTKXFIFO
CX_DNPLXGC;MA_HQ;CX_DDSTKXFIFO;MA_HQX;FK_CX_DNPLXGC_CX_DDSTKXFIFO
CX_DNPLXGC;MA_HQX;CX_DDSTKXFIFO;MA_HQX;FK_CX_DNPLXGC_CX_DDSTKXFIFO
CX_DNPLXGC;MA_LHX;CX_DDSTKXFIFO;MA_LHX;FK_CX_DNPLXGC_CX_DDSTKXFIFO
CX_DNPLXGC;NAMDKX;CX_DDSTKXFIFO;MA_LHX;FK_CX_DNPLXGC_CX_DDSTKXFIFO
CX_DNPLXGC;MA_DV;CX_DDSTKXFIFO;MA_HQ;FK_CX_DNPLXGC_CX_DDSTKXFIFO
CX_DNPLXGC;MA_HQ;CX_DDSTKXFIFO;MA_HQ;FK_CX_DNPLXGC_CX_DDSTKXFIFO
CX_DNPLXGC;MA_HQX;CX_DDSTKXFIFO;MA_HQ;FK_CX_DNPLXGC_CX_DDSTKXFIFO
CX_DNPLXGC;MA_LHX;CX_DDSTKXFIFO;MA_HQX;FK_CX_DNPLXGC_CX_DDSTKXFIFO
CX_DNPLXGC;NAMDKX;CX_DDSTKXFIFO;MA_HQX;FK_CX_DNPLXGC_CX_DDSTKXFIFO
CX_DNPLXGC;SOTKX;CX_DDSTKXFIFO;MA_HQX;FK_CX_DNPLXGC_CX_DDSTKXFIFO
CX_DNPLXGC;MA_HQ;CX_DDSTKXFIFO;MA_DV;FK_CX_DNPLXGC_CX_DDSTKXFIFO
CX_DNPLXGC;MA_HQX;CX_DDSTKXFIFO;MA_DV;FK_CX_DNPLXGC_CX_DDSTKXFIFO
CX_DNPLXGC;MA_LHX;CX_DDSTKXFIFO;MA_HQ;FK_CX_DNPLXGC_CX_DDSTKXFIFO
CX_DNPLXGC;NAMDKX;CX_DDSTKXFIFO;MA_HQ;FK_CX_DNPLXGC_CX_DDSTKXFIFO
CX_DNPLXGC;SOTKX;CX_DDSTKXFIFO;MA_HQ;FK_CX_DNPLXGC_CX_DDSTKXFIFO
CX_DNPLXGC;LAN_TL;CX_DDSTKXFIFO;MA_HQ;FK_CX_DNPLXGC_CX_DDSTKXFIFO
CX_DNPLXGC;MA_HQX;CX_DDSTKXFIFO;LAN_TL;FK_CX_DNPLXGC_CX_DDSTKXFIFO
CX_DNPLXGC;MA_LHX;CX_DDSTKXFIFO;MA_DV;FK_CX_DNPLXGC_CX_DDSTKXFIFO
CX_DNPLXGC;NAMDKX;CX_DDSTKXFIFO;MA_DV;FK_CX_DNPLXGC_CX_DDSTKXFIFO
CX_DNPLXGC;SOTKX;CX_DDSTKXFIFO;MA_DV;FK_CX_DNPLXGC_CX_DDSTKXFIFO
CX_DNPLXGC;LAN_TL;CX_DDSTKXFIFO;MA_DV;FK_CX_DNPLXGC_CX_DDSTKXFIFO
CX_DNPLXGC;MA_DV;CX_DDSTKXFIFO;MA_DV;FK_CX_DNPLXGC_CX_DDSTKXFIFO
CX_DNPLXGC;MA_LHX;CX_DDSTKXFIFO;LAN_TL;FK_CX_DNPLXGC_CX_DDSTKXFIFO
CX_DNPLXGC;NAMDKX;CX_DDSTKXFIFO;LAN_TL;FK_CX_DNPLXGC_CX_DDSTKXFIFO
CX_DNPLXGC;SOTKX;CX_DDSTKXFIFO;LAN_TL;FK_CX_DNPLXGC_CX_DDSTKXFIFO
CX_DNPLXGC;LAN_TL;CX_DDSTKXFIFO;LAN_TL;FK_CX_DNPLXGC_CX_DDSTKXFIFO
CX_DNPLXGC;MA_DV;CX_DDSTKXFIFO;LAN_TL;FK_CX_DNPLXGC_CX_DDSTKXFIFO
CX_DNPLXGC;MA_HQ;CX_DDSTKXFIFO;LAN_TL;FK_CX_DNPLXGC_CX_DDSTKXFIFO
CX_DNPLXGC;LAN_TL;CX_DDSTKNFIFO;SOTK;FK_CX_DNPLXGC_CX_DDSTKNFIFO
CX_DNPLXGC;MA_DV;CX_DDSTKNFIFO;SOTK;FK_CX_DNPLXGC_CX_DDSTKNFIFO
CX_DNPLXGC;MA_HQ;CX_DDSTKNFIFO;SOTK;FK_CX_DNPLXGC_CX_DDSTKNFIFO
CX_DNPLXGC;MA_LH;CX_DDSTKNFIFO;SOTK;FK_CX_DNPLXGC_CX_DDSTKNFIFO
CX_DNPLXGC;NAMDK;CX_DDSTKNFIFO;SOTK;FK_CX_DNPLXGC_CX_DDSTKNFIFO
CX_DNPLXGC;SOTK;CX_DDSTKNFIFO;SOTK;FK_CX_DNPLXGC_CX_DDSTKNFIFO
CX_DNPLXGC;LAN_TL;CX_DDSTKNFIFO;NAMDK;FK_CX_DNPLXGC_CX_DDSTKNFIFO
CX_DNPLXGC;MA_DV;CX_DDSTKNFIFO;NAMDK;FK_CX_DNPLXGC_CX_DDSTKNFIFO
CX_DNPLXGC;MA_HQ;CX_DDSTKNFIFO;NAMDK;FK_CX_DNPLXGC_CX_DDSTKNFIFO
CX_DNPLXGC;MA_LH;CX_DDSTKNFIFO;NAMDK;FK_CX_DNPLXGC_CX_DDSTKNFIFO
CX_DNPLXGC;NAMDK;CX_DDSTKNFIFO;NAMDK;FK_CX_DNPLXGC_CX_DDSTKNFIFO
CX_DNPLXGC;SOTK;CX_DDSTKNFIFO;NAMDK;FK_CX_DNPLXGC_CX_DDSTKNFIFO
CX_DNPLXGC;LAN_TL;CX_DDSTKNFIFO;MA_LH;FK_CX_DNPLXGC_CX_DDSTKNFIFO
CX_DNPLXGC;MA_DV;CX_DDSTKNFIFO;MA_LH;FK_CX_DNPLXGC_CX_DDSTKNFIFO
CX_DNPLXGC;MA_HQ;CX_DDSTKNFIFO;MA_LH;FK_CX_DNPLXGC_CX_DDSTKNFIFO
CX_DNPLXGC;MA_LH;CX_DDSTKNFIFO;MA_LH;FK_CX_DNPLXGC_CX_DDSTKNFIFO
CX_DNPLXGC;NAMDK;CX_DDSTKNFIFO;MA_LH;FK_CX_DNPLXGC_CX_DDSTKNFIFO
CX_DNPLXGC;SOTK;CX_DDSTKNFIFO;MA_LH;FK_CX_DNPLXGC_CX_DDSTKNFIFO
CX_DNPLXGC;LAN_TL;CX_DDSTKNFIFO;MA_HQ;FK_CX_DNPLXGC_CX_DDSTKNFIFO
CX_DNPLXGC;MA_DV;CX_DDSTKNFIFO;MA_HQ;FK_CX_DNPLXGC_CX_DDSTKNFIFO
CX_DNPLXGC;MA_HQ;CX_DDSTKNFIFO;MA_HQ;FK_CX_DNPLXGC_CX_DDSTKNFIFO
CX_DNPLXGC;MA_LH;CX_DDSTKNFIFO;MA_HQ;FK_CX_DNPLXGC_CX_DDSTKNFIFO
CX_DNPLXGC;NAMDK;CX_DDSTKNFIFO;MA_HQ;FK_CX_DNPLXGC_CX_DDSTKNFIFO
CX_DNPLXGC;SOTK;CX_DDSTKNFIFO;MA_HQ;FK_CX_DNPLXGC_CX_DDSTKNFIFO
CX_DNPLXGC;LAN_TL;CX_DDSTKNFIFO;MA_DV;FK_CX_DNPLXGC_CX_DDSTKNFIFO
CX_DNPLXGC;MA_DV;CX_DDSTKNFIFO;MA_DV;FK_CX_DNPLXGC_CX_DDSTKNFIFO
CX_DNPLXGC;MA_HQ;CX_DDSTKNFIFO;MA_DV;FK_CX_DNPLXGC_CX_DDSTKNFIFO
CX_DNPLXGC;MA_LH;CX_DDSTKNFIFO;MA_DV;FK_CX_DNPLXGC_CX_DDSTKNFIFO
CX_DNPLXGC;NAMDK;CX_DDSTKNFIFO;MA_DV;FK_CX_DNPLXGC_CX_DDSTKNFIFO
CX_DNPLXGC;SOTK;CX_DDSTKNFIFO;MA_DV;FK_CX_DNPLXGC_CX_DDSTKNFIFO
CX_DNPLXHMAN;LAN_TL;CX_DDSTKNFIFO;LAN_TL;FK_CX_DNPLXHMAN_CX_DDSTKNFIFO
CX_DNPLXHMAN;MA_DV;CX_DDSTKNFIFO;LAN_TL;FK_CX_DNPLXHMAN_CX_DDSTKNFIFO
CX_DNPLXHMAN;MA_HQ;CX_DDSTKNFIFO;LAN_TL;FK_CX_DNPLXHMAN_CX_DDSTKNFIFO
CX_DNPLXHMAN;MA_LH;CX_DDSTKNFIFO;LAN_TL;FK_CX_DNPLXHMAN_CX_DDSTKNFIFO
CX_DNPLXHMAN;NAMDK;CX_DDSTKNFIFO;LAN_TL;FK_CX_DNPLXHMAN_CX_DDSTKNFIFO
CX_DNPLXHMAN;SOTK;CX_DDSTKNFIFO;LAN_TL;FK_CX_DNPLXHMAN_CX_DDSTKNFIFO
CX_DNPLXHMAN;LAN_TL;CX_DDSTKNFIFO;SOTK;FK_CX_DNPLXHMAN_CX_DDSTKNFIFO
CX_DNPLXHMAN;MA_DV;CX_DDSTKNFIFO;SOTK;FK_CX_DNPLXHMAN_CX_DDSTKNFIFO
CX_DNPLXHMAN;MA_HQ;CX_DDSTKNFIFO;SOTK;FK_CX_DNPLXHMAN_CX_DDSTKNFIFO
CX_DNPLXHMAN;MA_LH;CX_DDSTKNFIFO;SOTK;FK_CX_DNPLXHMAN_CX_DDSTKNFIFO
CX_DNPLXHMAN;NAMDK;CX_DDSTKNFIFO;SOTK;FK_CX_DNPLXHMAN_CX_DDSTKNFIFO
CX_DNPLXHMAN;SOTK;CX_DDSTKNFIFO;SOTK;FK_CX_DNPLXHMAN_CX_DDSTKNFIFO
CX_DNPLXHMAN;LAN_TL;CX_DDSTKNFIFO;NAMDK;FK_CX_DNPLXHMAN_CX_DDSTKNFIFO
CX_DNPLXHMAN;MA_DV;CX_DDSTKNFIFO;NAMDK;FK_CX_DNPLXHMAN_CX_DDSTKNFIFO
CX_DNPLXHMAN;MA_HQ;CX_DDSTKNFIFO;NAMDK;FK_CX_DNPLXHMAN_CX_DDSTKNFIFO
CX_DNPLXHMAN;MA_LH;CX_DDSTKNFIFO;NAMDK;FK_CX_DNPLXHMAN_CX_DDSTKNFIFO
CX_DNPLXHMAN;NAMDK;CX_DDSTKNFIFO;NAMDK;FK_CX_DNPLXHMAN_CX_DDSTKNFIFO
CX_DNPLXHMAN;SOTK;CX_DDSTKNFIFO;NAMDK;FK_CX_DNPLXHMAN_CX_DDSTKNFIFO
CX_DNPLXHMAN;LAN_TL;CX_DDSTKNFIFO;MA_LH;FK_CX_DNPLXHMAN_CX_DDSTKNFIFO
CX_DNPLXHMAN;MA_DV;CX_DDSTKNFIFO;MA_LH;FK_CX_DNPLXHMAN_CX_DDSTKNFIFO
CX_DNPLXHMAN;MA_HQ;CX_DDSTKNFIFO;MA_LH;FK_CX_DNPLXHMAN_CX_DDSTKNFIFO
CX_DNPLXHMAN;MA_LH;CX_DDSTKNFIFO;MA_LH;FK_CX_DNPLXHMAN_CX_DDSTKNFIFO
CX_DNPLXHMAN;NAMDK;CX_DDSTKNFIFO;MA_LH;FK_CX_DNPLXHMAN_CX_DDSTKNFIFO
CX_DNPLXHMAN;SOTK;CX_DDSTKNFIFO;MA_LH;FK_CX_DNPLXHMAN_CX_DDSTKNFIFO
CX_DNPLXHMAN;LAN_TL;CX_DDSTKNFIFO;MA_HQ;FK_CX_DNPLXHMAN_CX_DDSTKNFIFO
CX_DNPLXHMAN;MA_DV;CX_DDSTKNFIFO;MA_HQ;FK_CX_DNPLXHMAN_CX_DDSTKNFIFO
CX_DNPLXHMAN;MA_HQ;CX_DDSTKNFIFO;MA_HQ;FK_CX_DNPLXHMAN_CX_DDSTKNFIFO
CX_DNPLXHMAN;MA_LH;CX_DDSTKNFIFO;MA_HQ;FK_CX_DNPLXHMAN_CX_DDSTKNFIFO
CX_DNPLXHMAN;NAMDK;CX_DDSTKNFIFO;MA_HQ;FK_CX_DNPLXHMAN_CX_DDSTKNFIFO
CX_DNPLXHMAN;SOTK;CX_DDSTKNFIFO;MA_HQ;FK_CX_DNPLXHMAN_CX_DDSTKNFIFO
CX_DNPLXHMAN;LAN_TL;CX_DDSTKNFIFO;MA_DV;FK_CX_DNPLXHMAN_CX_DDSTKNFIFO
CX_DNPLXHMAN;MA_DV;CX_DDSTKNFIFO;MA_DV;FK_CX_DNPLXHMAN_CX_DDSTKNFIFO
CX_DNPLXHMAN;MA_HQ;CX_DDSTKNFIFO;MA_DV;FK_CX_DNPLXHMAN_CX_DDSTKNFIFO
CX_DNPLXHMAN;MA_LH;CX_DDSTKNFIFO;MA_DV;FK_CX_DNPLXHMAN_CX_DDSTKNFIFO
CX_DNPLXHMAN;NAMDK;CX_DDSTKNFIFO;MA_DV;FK_CX_DNPLXHMAN_CX_DDSTKNFIFO
CX_DNPLXHMAN;SOTK;CX_DDSTKNFIFO;MA_DV;FK_CX_DNPLXHMAN_CX_DDSTKNFIFO
D_VAF511;D_IBAID;D_IBA;D_IBAID;FK_D_VAF511_D_IBA
D_VAF511_Chitiet;D_VAF511ID;D_VAF511;D_VAF511ID;FK_D_VAF511_Chitiet_D_VAF511
D_VAF805;D_IASID;D_IAS;D_IASID;FK_D_VAF805_D_IAS
D_VAF806;D_IASID;D_IAS;D_IASID;FK_D_VAF806_D_IAS
D_VAF806_Chitiet;D_VAF806ID;D_VAF806;D_VAF806ID;FK_D_VAF806_Chitiet_D_VAF806
D_VAF807;D_IASID;D_IAS;D_IASID;FK_D_VAF807_D_IAS
D_VAF808;D_IASID;D_IAS;D_IASID;FK_D_VAF808_D_IAS
DCHITIETNT;LAN_TL;DDSTKNFIFO;LAN_TL;FK_DCHITIETNT_DDSTKNFIFO
DCHITIETNT;MA_DV;DDSTKNFIFO;LAN_TL;FK_DCHITIETNT_DDSTKNFIFO
DCHITIETNT;MA_HQ;DDSTKNFIFO;LAN_TL;FK_DCHITIETNT_DDSTKNFIFO
DCHITIETNT;MA_LH;DDSTKNFIFO;LAN_TL;FK_DCHITIETNT_DDSTKNFIFO
DCHITIETNT;NAMDK;DDSTKNFIFO;LAN_TL;FK_DCHITIETNT_DDSTKNFIFO
DCHITIETNT;SOTK;DDSTKNFIFO;LAN_TL;FK_DCHITIETNT_DDSTKNFIFO
DCHITIETNT;LAN_TL;DDSTKNFIFO;SOTK;FK_DCHITIETNT_DDSTKNFIFO
DCHITIETNT;MA_DV;DDSTKNFIFO;SOTK;FK_DCHITIETNT_DDSTKNFIFO
DCHITIETNT;MA_HQ;DDSTKNFIFO;SOTK;FK_DCHITIETNT_DDSTKNFIFO
DCHITIETNT;MA_LH;DDSTKNFIFO;SOTK;FK_DCHITIETNT_DDSTKNFIFO
DCHITIETNT;NAMDK;DDSTKNFIFO;SOTK;FK_DCHITIETNT_DDSTKNFIFO
DCHITIETNT;SOTK;DDSTKNFIFO;SOTK;FK_DCHITIETNT_DDSTKNFIFO
DCHITIETNT;LAN_TL;DDSTKNFIFO;NAMDK;FK_DCHITIETNT_DDSTKNFIFO
DCHITIETNT;MA_DV;DDSTKNFIFO;NAMDK;FK_DCHITIETNT_DDSTKNFIFO
DCHITIETNT;MA_HQ;DDSTKNFIFO;NAMDK;FK_DCHITIETNT_DDSTKNFIFO
DCHITIETNT;MA_LH;DDSTKNFIFO;NAMDK;FK_DCHITIETNT_DDSTKNFIFO
DCHITIETNT;NAMDK;DDSTKNFIFO;NAMDK;FK_DCHITIETNT_DDSTKNFIFO
DCHITIETNT;SOTK;DDSTKNFIFO;NAMDK;FK_DCHITIETNT_DDSTKNFIFO
DCHITIETNT;LAN_TL;DDSTKNFIFO;MA_LH;FK_DCHITIETNT_DDSTKNFIFO
DCHITIETNT;MA_DV;DDSTKNFIFO;MA_LH;FK_DCHITIETNT_DDSTKNFIFO
DCHITIETNT;MA_HQ;DDSTKNFIFO;MA_LH;FK_DCHITIETNT_DDSTKNFIFO
DCHITIETNT;MA_LH;DDSTKNFIFO;MA_LH;FK_DCHITIETNT_DDSTKNFIFO
DCHITIETNT;NAMDK;DDSTKNFIFO;MA_LH;FK_DCHITIETNT_DDSTKNFIFO
DCHITIETNT;SOTK;DDSTKNFIFO;MA_LH;FK_DCHITIETNT_DDSTKNFIFO
DCHITIETNT;LAN_TL;DDSTKNFIFO;MA_HQ;FK_DCHITIETNT_DDSTKNFIFO
DCHITIETNT;MA_DV;DDSTKNFIFO;MA_HQ;FK_DCHITIETNT_DDSTKNFIFO
DCHITIETNT;MA_HQ;DDSTKNFIFO;MA_HQ;FK_DCHITIETNT_DDSTKNFIFO
DCHITIETNT;MA_LH;DDSTKNFIFO;MA_HQ;FK_DCHITIETNT_DDSTKNFIFO
DCHITIETNT;NAMDK;DDSTKNFIFO;MA_HQ;FK_DCHITIETNT_DDSTKNFIFO
DCHITIETNT;SOTK;DDSTKNFIFO;MA_HQ;FK_DCHITIETNT_DDSTKNFIFO
DCHITIETNT;LAN_TL;DDSTKNFIFO;MA_DV;FK_DCHITIETNT_DDSTKNFIFO
DCHITIETNT;MA_DV;DDSTKNFIFO;MA_DV;FK_DCHITIETNT_DDSTKNFIFO
DCHITIETNT;MA_HQ;DDSTKNFIFO;MA_DV;FK_DCHITIETNT_DDSTKNFIFO
DCHITIETNT;MA_LH;DDSTKNFIFO;MA_DV;FK_DCHITIETNT_DDSTKNFIFO
DCHITIETNT;NAMDK;DDSTKNFIFO;MA_DV;FK_DCHITIETNT_DDSTKNFIFO
DCHITIETNT;SOTK;DDSTKNFIFO;MA_DV;FK_DCHITIETNT_DDSTKNFIFO
DChungThuGD_CHI_TIET;DChungThuGDID;DChungThuGD;DChungThuGDID;FK_DChungThuGD_CHI_TIET_DChungThuGD
DCO_CHI_TIET;DCOID;DCO;DCOID;FK_DCO_CHI_TIET_DCO
DCO_CHI_TIET;_DHangMDDKID;DHANGMDDK;_DHangMDDKID;FK_DCO_CHI_TIET_DHANGMDDK
DCO_HANG;DCOID;DCO;DCOID;FK_DCO_HANG_DCO
DCO_NOP;_DToKhaiMDID;DTOKHAIMD;_DToKhaiMDID;FK_DCO_NOP_DTOKHAIMD
DCO_NOP_CO;DCOID;DCO;DCOID;FK_DCO_NOP_CO_DCO
DCO_NOP_CO;DCO_NOPID;DCO_NOP;DCO_NOPID;FK_DCO_NOP_CO_DCO_NOP
DCUONGCHE_TK;DCUONGCHEID;DCUONGCHE;DCUONGCHEID;FK_DCUONGCHE_TK_DCUONGCHE
DDINHMUC;DINHMUC_TTID;DDINHMUC_TT;DINHMUC_TTID;FK_DDINHMUC_DDINHMUC_TT
DDINHMUC_SUA;SP_DM_SUAID;SP_DM_SUA;SP_DM_SUAID;FK_DDINHMUC_SUA_SP_DM_SUA
DDSTKNFIFO;LAN_TL;DLANTHANHLY;LAN_TL;FK_DDSTKNFIFO_DLANTHANHLY
DDSTKNFIFO;MA_DV;DLANTHANHLY;LAN_TL;FK_DDSTKNFIFO_DLANTHANHLY
DDSTKNFIFO;MA_HQ;DLANTHANHLY;LAN_TL;FK_DDSTKNFIFO_DLANTHANHLY
DDSTKNFIFO;LAN_TL;DLANTHANHLY;MA_DV;FK_DDSTKNFIFO_DLANTHANHLY
DDSTKNFIFO;MA_DV;DLANTHANHLY;MA_DV;FK_DDSTKNFIFO_DLANTHANHLY
DDSTKNFIFO;MA_HQ;DLANTHANHLY;MA_DV;FK_DDSTKNFIFO_DLANTHANHLY
DDSTKNFIFO;LAN_TL;DLANTHANHLY;MA_HQ;FK_DDSTKNFIFO_DLANTHANHLY
DDSTKNFIFO;MA_DV;DLANTHANHLY;MA_HQ;FK_DDSTKNFIFO_DLANTHANHLY
DDSTKNFIFO;MA_HQ;DLANTHANHLY;MA_HQ;FK_DDSTKNFIFO_DLANTHANHLY
DDSTKXFIFO;LAN_TL;DLANTHANHLY;LAN_TL;FK_DDSTKXFIFO_DLANTHANHLY
DDSTKXFIFO;MA_DV;DLANTHANHLY;LAN_TL;FK_DDSTKXFIFO_DLANTHANHLY
DDSTKXFIFO;MA_HQ;DLANTHANHLY;LAN_TL;FK_DDSTKXFIFO_DLANTHANHLY
DDSTKXFIFO;LAN_TL;DLANTHANHLY;MA_DV;FK_DDSTKXFIFO_DLANTHANHLY
DDSTKXFIFO;MA_DV;DLANTHANHLY;MA_DV;FK_DDSTKXFIFO_DLANTHANHLY
DDSTKXFIFO;MA_HQ;DLANTHANHLY;MA_DV;FK_DDSTKXFIFO_DLANTHANHLY
DDSTKXFIFO;LAN_TL;DLANTHANHLY;MA_HQ;FK_DDSTKXFIFO_DLANTHANHLY
DDSTKXFIFO;MA_DV;DLANTHANHLY;MA_HQ;FK_DDSTKXFIFO_DLANTHANHLY
DDSTKXFIFO;MA_HQ;DLANTHANHLY;MA_HQ;FK_DDSTKXFIFO_DLANTHANHLY
DGiayKiemTraCL_CHI_TIET;DGiayKiemTraCLID;DGiayKiemTraCL;DGiayKiemTraCLID;FK_DGiayKiemTraCL_CHI_TIET_DGiayKiemTraCL
DGiayNopTien_Chi_Tiet;DGiayNopTienID;DGiayNopTien;DGiayNopTienID;FK_DGiayNopTien_Chi_Tiet_DGiayNopTien
DGIAYPHEP_SAA_ChiTiet;DGIAYPHEP_SAAID;DGIAYPHEP_SAA;DGIAYPHEP_SAAID;FK_DGIAYPHEP_SAA_ChiTiet_DGIAYPHEP_SAA
DGIAYPHEP_SEA_ChiTiet;DGIAYPHEP_SEAID;DGIAYPHEP_SEA;DGIAYPHEP_SEAID;FK_DGIAYPHEP_SEA_ChiTiet_DGIAYPHEP_SEA
DGIAYPHEP_SFA_ChiTiet;DGIAYPHEP_SFAID;DGIAYPHEP_SFA;DGIAYPHEP_SFAID;FK_DGIAYPHEP_SFA_ChiTiet_DGIAYPHEP_SFA
DGIAYPHEP_SMA_ChiTiet;DGIAYPHEP_SMAID;DGIAYPHEP_SMA;DGIAYPHEP_SMAID;FK_DGIAYPHEP_SMA_ChiTiet_DGIAYPHEP_SMA
DHANGMD_GP;DGiayPhepID;DGIAYPHEP;DGiayPhepID;FK_DHANGMD_GP_DGIAYPHEP
DHANGMD_GP;_DHangMDDKID;DHANGMDDK;_DHangMDDKID;FK_DHANGMD_GP_DHANGMDDK
DHANGMDDC;LAN_DC;DDIEUCHINH;LAN_DC;FK_DHANGMDDC_DDIEUCHINH
DHANGMDDC;MA_HQ;DDIEUCHINH;LAN_DC;FK_DHANGMDDC_DDIEUCHINH
DHANGMDDC;MA_LH;DDIEUCHINH;LAN_DC;FK_DHANGMDDC_DDIEUCHINH
DHANGMDDC;NAMDK;DDIEUCHINH;LAN_DC;FK_DHANGMDDC_DDIEUCHINH
DHANGMDDC;SOTK;DDIEUCHINH;LAN_DC;FK_DHANGMDDC_DDIEUCHINH
DHANGMDDC;LAN_DC;DDIEUCHINH;MA_HQ;FK_DHANGMDDC_DDIEUCHINH
DHANGMDDC;SOTK;DDIEUCHINH;SOTK;FK_DHANGMDDC_DDIEUCHINH
DHANGMDDC;NAMDK;DDIEUCHINH;NAMDK;FK_DHANGMDDC_DDIEUCHINH
DHANGMDDC;SOTK;DDIEUCHINH;NAMDK;FK_DHANGMDDC_DDIEUCHINH
DHANGMDDC;LAN_DC;DDIEUCHINH;SOTK;FK_DHANGMDDC_DDIEUCHINH
DHANGMDDC;MA_HQ;DDIEUCHINH;SOTK;FK_DHANGMDDC_DDIEUCHINH
DHANGMDDC;MA_LH;DDIEUCHINH;SOTK;FK_DHANGMDDC_DDIEUCHINH
DHANGMDDC;NAMDK;DDIEUCHINH;SOTK;FK_DHANGMDDC_DDIEUCHINH
DHANGMDDC;MA_LH;DDIEUCHINH;MA_LH;FK_DHANGMDDC_DDIEUCHINH
DHANGMDDC;NAMDK;DDIEUCHINH;MA_LH;FK_DHANGMDDC_DDIEUCHINH
DHANGMDDC;SOTK;DDIEUCHINH;MA_LH;FK_DHANGMDDC_DDIEUCHINH
DHANGMDDC;LAN_DC;DDIEUCHINH;NAMDK;FK_DHANGMDDC_DDIEUCHINH
DHANGMDDC;MA_HQ;DDIEUCHINH;NAMDK;FK_DHANGMDDC_DDIEUCHINH
DHANGMDDC;MA_LH;DDIEUCHINH;NAMDK;FK_DHANGMDDC_DDIEUCHINH
DHANGMDDC;MA_HQ;DDIEUCHINH;MA_HQ;FK_DHANGMDDC_DDIEUCHINH
DHANGMDDC;MA_LH;DDIEUCHINH;MA_HQ;FK_DHANGMDDC_DDIEUCHINH
DHANGMDDC;NAMDK;DDIEUCHINH;MA_HQ;FK_DHANGMDDC_DDIEUCHINH
DHANGMDDC;SOTK;DDIEUCHINH;MA_HQ;FK_DHANGMDDC_DDIEUCHINH
DHANGMDDC;LAN_DC;DDIEUCHINH;MA_LH;FK_DHANGMDDC_DDIEUCHINH
DHANGMDDC;MA_HQ;DDIEUCHINH;MA_LH;FK_DHANGMDDC_DDIEUCHINH
DHANGMDDC_CT;LAN_DC_CT;DDIEUCHINH;LAN_DC;FK_DHANGMDDC_CT_DDIEUCHINH
DHANGMDDC_CT;MA_HQ;DDIEUCHINH;LAN_DC;FK_DHANGMDDC_CT_DDIEUCHINH
DHANGMDDC_CT;MA_LH;DDIEUCHINH;LAN_DC;FK_DHANGMDDC_CT_DDIEUCHINH
DHANGMDDC_CT;NAMDK;DDIEUCHINH;LAN_DC;FK_DHANGMDDC_CT_DDIEUCHINH
DHANGMDDC_CT;SOTK;DDIEUCHINH;LAN_DC;FK_DHANGMDDC_CT_DDIEUCHINH
DHANGMDDC_CT;LAN_DC_CT;DDIEUCHINH;MA_HQ;FK_DHANGMDDC_CT_DDIEUCHINH
DHANGMDDC_CT;SOTK;DHANGMDDC;SOTK;FK_DHANGMDDC_CT_DHANGMDDC
DHANGMDDC_CT;SOTK;DHANGMDDC;NAMDK;FK_DHANGMDDC_CT_DHANGMDDC
DHANGMDDC_CT;LAN_DC;DHANGMDDC;SOTK;FK_DHANGMDDC_CT_DHANGMDDC
DHANGMDDC_CT;MA_HQ;DHANGMDDC;SOTK;FK_DHANGMDDC_CT_DHANGMDDC
DHANGMDDC_CT;MA_LH;DHANGMDDC;SOTK;FK_DHANGMDDC_CT_DHANGMDDC
DHANGMDDC_CT;MA_PHU;DHANGMDDC;SOTK;FK_DHANGMDDC_CT_DHANGMDDC
DHANGMDDC_CT;NAMDK;DHANGMDDC;SOTK;FK_DHANGMDDC_CT_DHANGMDDC
DHANGMDDC_CT;SOTK;DHANGMDDC;MA_PHU;FK_DHANGMDDC_CT_DHANGMDDC
DHANGMDDC_CT;LAN_DC;DHANGMDDC;NAMDK;FK_DHANGMDDC_CT_DHANGMDDC
DHANGMDDC_CT;MA_HQ;DHANGMDDC;NAMDK;FK_DHANGMDDC_CT_DHANGMDDC
DHANGMDDC_CT;MA_LH;DHANGMDDC;NAMDK;FK_DHANGMDDC_CT_DHANGMDDC
DHANGMDDC_CT;MA_PHU;DHANGMDDC;NAMDK;FK_DHANGMDDC_CT_DHANGMDDC
DHANGMDDC_CT;NAMDK;DHANGMDDC;NAMDK;FK_DHANGMDDC_CT_DHANGMDDC
DHANGMDDC_CT;SOTK;DHANGMDDC;MA_LH;FK_DHANGMDDC_CT_DHANGMDDC
DHANGMDDC_CT;LAN_DC;DHANGMDDC;MA_PHU;FK_DHANGMDDC_CT_DHANGMDDC
DHANGMDDC_CT;MA_HQ;DHANGMDDC;MA_PHU;FK_DHANGMDDC_CT_DHANGMDDC
DHANGMDDC_CT;MA_LH;DHANGMDDC;MA_PHU;FK_DHANGMDDC_CT_DHANGMDDC
DHANGMDDC_CT;MA_PHU;DHANGMDDC;MA_PHU;FK_DHANGMDDC_CT_DHANGMDDC
DHANGMDDC_CT;NAMDK;DHANGMDDC;MA_PHU;FK_DHANGMDDC_CT_DHANGMDDC
DHANGMDDC_CT;SOTK;DHANGMDDC;MA_HQ;FK_DHANGMDDC_CT_DHANGMDDC
DHANGMDDC_CT;LAN_DC;DHANGMDDC;MA_LH;FK_DHANGMDDC_CT_DHANGMDDC
DHANGMDDC_CT;MA_HQ;DHANGMDDC;MA_LH;FK_DHANGMDDC_CT_DHANGMDDC
DHANGMDDC_CT;MA_LH;DHANGMDDC;MA_LH;FK_DHANGMDDC_CT_DHANGMDDC
DHANGMDDC_CT;MA_PHU;DHANGMDDC;MA_LH;FK_DHANGMDDC_CT_DHANGMDDC
DHANGMDDC_CT;NAMDK;DHANGMDDC;MA_LH;FK_DHANGMDDC_CT_DHANGMDDC
DHANGMDDC_CT;SOTK;DHANGMDDC;LAN_DC;FK_DHANGMDDC_CT_DHANGMDDC
DHANGMDDC_CT;LAN_DC;DHANGMDDC;MA_HQ;FK_DHANGMDDC_CT_DHANGMDDC
DHANGMDDC_CT;MA_HQ;DHANGMDDC;MA_HQ;FK_DHANGMDDC_CT_DHANGMDDC
DHANGMDDC_CT;MA_LH;DHANGMDDC;MA_HQ;FK_DHANGMDDC_CT_DHANGMDDC
DHANGMDDC_CT;MA_PHU;DHANGMDDC;MA_HQ;FK_DHANGMDDC_CT_DHANGMDDC
DHANGMDDC_CT;NAMDK;DHANGMDDC;MA_HQ;FK_DHANGMDDC_CT_DHANGMDDC
DHANGMDDC_CT;SOTK;DDIEUCHINH;SOTK;FK_DHANGMDDC_CT_DDIEUCHINH
DHANGMDDC_CT;LAN_DC;DHANGMDDC;LAN_DC;FK_DHANGMDDC_CT_DHANGMDDC
DHANGMDDC_CT;MA_HQ;DHANGMDDC;LAN_DC;FK_DHANGMDDC_CT_DHANGMDDC
DHANGMDDC_CT;MA_LH;DHANGMDDC;LAN_DC;FK_DHANGMDDC_CT_DHANGMDDC
DHANGMDDC_CT;MA_PHU;DHANGMDDC;LAN_DC;FK_DHANGMDDC_CT_DHANGMDDC
DHANGMDDC_CT;NAMDK;DHANGMDDC;LAN_DC;FK_DHANGMDDC_CT_DHANGMDDC
DHANGMDDC_CT;NAMDK;DDIEUCHINH;NAMDK;FK_DHANGMDDC_CT_DDIEUCHINH
DHANGMDDC_CT;SOTK;DDIEUCHINH;NAMDK;FK_DHANGMDDC_CT_DDIEUCHINH
DHANGMDDC_CT;LAN_DC_CT;DDIEUCHINH;SOTK;FK_DHANGMDDC_CT_DDIEUCHINH
DHANGMDDC_CT;MA_HQ;DDIEUCHINH;SOTK;FK_DHANGMDDC_CT_DDIEUCHINH
DHANGMDDC_CT;MA_LH;DDIEUCHINH;SOTK;FK_DHANGMDDC_CT_DDIEUCHINH
DHANGMDDC_CT;NAMDK;DDIEUCHINH;SOTK;FK_DHANGMDDC_CT_DDIEUCHINH
DHANGMDDC_CT;MA_LH;DDIEUCHINH;MA_LH;FK_DHANGMDDC_CT_DDIEUCHINH
DHANGMDDC_CT;NAMDK;DDIEUCHINH;MA_LH;FK_DHANGMDDC_CT_DDIEUCHINH
DHANGMDDC_CT;SOTK;DDIEUCHINH;MA_LH;FK_DHANGMDDC_CT_DDIEUCHINH
DHANGMDDC_CT;LAN_DC_CT;DDIEUCHINH;NAMDK;FK_DHANGMDDC_CT_DDIEUCHINH
DHANGMDDC_CT;MA_HQ;DDIEUCHINH;NAMDK;FK_DHANGMDDC_CT_DDIEUCHINH
DHANGMDDC_CT;MA_LH;DDIEUCHINH;NAMDK;FK_DHANGMDDC_CT_DDIEUCHINH
DHANGMDDC_CT;MA_HQ;DDIEUCHINH;MA_HQ;FK_DHANGMDDC_CT_DDIEUCHINH
DHANGMDDC_CT;MA_LH;DDIEUCHINH;MA_HQ;FK_DHANGMDDC_CT_DDIEUCHINH
DHANGMDDC_CT;NAMDK;DDIEUCHINH;MA_HQ;FK_DHANGMDDC_CT_DDIEUCHINH
DHANGMDDC_CT;SOTK;DDIEUCHINH;MA_HQ;FK_DHANGMDDC_CT_DDIEUCHINH
DHANGMDDC_CT;LAN_DC_CT;DDIEUCHINH;MA_LH;FK_DHANGMDDC_CT_DDIEUCHINH
DHANGMDDC_CT;MA_HQ;DDIEUCHINH;MA_LH;FK_DHANGMDDC_CT_DDIEUCHINH
DHANGMDDK;_DToKhaiMDID;DTOKHAIMD;_DToKhaiMDID;FK_DHANGMDDK_DTOKHAIMD
DHoaDonTM;Ma_GH;SDKGH;MA_GH;FK_DHoaDonTM_SDKGH
DHoaDonTM;Ma_PTTT;SPTTT;MA_PTTT;FK_DHoaDonTM_SPTTT
DHoaDonTM_CHI_TIET;DHoaDonTMID;DHoaDonTM;DHoaDonTMID;FK_DHoaDonTM_CHI_TIET_DHoaDonTM
DHOPDONGTM;MA_NT;SNGTE;MA_NT;FK_DHOPDONGTM_SNGTE
DHOPDONGTM_CHI_TIET;DHopDongTMID;DHOPDONGTM;DHopDongTMID;FK_DHOPDONG_CHI_TIET_DHOPDONG
DHOSOTOKHAI_ChungTu;DHOSOTOKHAIID;DHOSOTOKHAI;DHOSOTOKHAIID;FK_DHOSOTOKHAI_ChungTu_DHOSOTOKHAI
DKBSUAHUY_DM;DKBSUAHUYID;DKBSUAHUY;DKBSUAHUYID;FK_DKBSUAHUY_DM_DKBSUAHUY
DKBSUAHUY_HANG;DKBSUAHUYID;DKBSUAHUY;DKBSUAHUYID;FK_DKBSUAHUY_HANG_DKBSUAHUY
DLENHSX_DM;DLENHSXID;DLENHSX;DLENHSXID;FK_DLENHSX_DM_DLENHSX
DLENHSX_SP;DLENHSXID;DLENHSX;DLENHSXID;FK_DLENHSX_SP_DLENHSX
DNPLCHUATL;LAN_TL;DDSTKNFIFO;LAN_TL;FK_DNPLCHUATL_DDSTKNFIFO
DNPLCHUATL;MA_DV;DDSTKNFIFO;LAN_TL;FK_DNPLCHUATL_DDSTKNFIFO
DNPLCHUATL;MA_HQ;DDSTKNFIFO;LAN_TL;FK_DNPLCHUATL_DDSTKNFIFO
DNPLCHUATL;MA_LH;DDSTKNFIFO;LAN_TL;FK_DNPLCHUATL_DDSTKNFIFO
DNPLCHUATL;NAMDK;DDSTKNFIFO;LAN_TL;FK_DNPLCHUATL_DDSTKNFIFO
DNPLCHUATL;SOTK;DDSTKNFIFO;LAN_TL;FK_DNPLCHUATL_DDSTKNFIFO
DNPLCHUATL;LAN_TL;DDSTKNFIFO;SOTK;FK_DNPLCHUATL_DDSTKNFIFO
DNPLCHUATL;MA_DV;DDSTKNFIFO;SOTK;FK_DNPLCHUATL_DDSTKNFIFO
DNPLCHUATL;MA_HQ;DDSTKNFIFO;SOTK;FK_DNPLCHUATL_DDSTKNFIFO
DNPLCHUATL;MA_LH;DDSTKNFIFO;SOTK;FK_DNPLCHUATL_DDSTKNFIFO
DNPLCHUATL;NAMDK;DDSTKNFIFO;SOTK;FK_DNPLCHUATL_DDSTKNFIFO
DNPLCHUATL;SOTK;DDSTKNFIFO;SOTK;FK_DNPLCHUATL_DDSTKNFIFO
DNPLCHUATL;LAN_TL;DDSTKNFIFO;NAMDK;FK_DNPLCHUATL_DDSTKNFIFO
DNPLCHUATL;MA_DV;DDSTKNFIFO;NAMDK;FK_DNPLCHUATL_DDSTKNFIFO
DNPLCHUATL;MA_HQ;DDSTKNFIFO;NAMDK;FK_DNPLCHUATL_DDSTKNFIFO
DNPLCHUATL;MA_LH;DDSTKNFIFO;NAMDK;FK_DNPLCHUATL_DDSTKNFIFO
DNPLCHUATL;NAMDK;DDSTKNFIFO;NAMDK;FK_DNPLCHUATL_DDSTKNFIFO
DNPLCHUATL;SOTK;DDSTKNFIFO;NAMDK;FK_DNPLCHUATL_DDSTKNFIFO
DNPLCHUATL;LAN_TL;DDSTKNFIFO;MA_LH;FK_DNPLCHUATL_DDSTKNFIFO
DNPLCHUATL;MA_DV;DDSTKNFIFO;MA_LH;FK_DNPLCHUATL_DDSTKNFIFO
DNPLCHUATL;MA_HQ;DDSTKNFIFO;MA_LH;FK_DNPLCHUATL_DDSTKNFIFO
DNPLCHUATL;MA_LH;DDSTKNFIFO;MA_LH;FK_DNPLCHUATL_DDSTKNFIFO
DNPLCHUATL;NAMDK;DDSTKNFIFO;MA_LH;FK_DNPLCHUATL_DDSTKNFIFO
DNPLCHUATL;SOTK;DDSTKNFIFO;MA_LH;FK_DNPLCHUATL_DDSTKNFIFO
DNPLCHUATL;LAN_TL;DDSTKNFIFO;MA_HQ;FK_DNPLCHUATL_DDSTKNFIFO
DNPLCHUATL;MA_DV;DDSTKNFIFO;MA_HQ;FK_DNPLCHUATL_DDSTKNFIFO
DNPLCHUATL;MA_HQ;DDSTKNFIFO;MA_HQ;FK_DNPLCHUATL_DDSTKNFIFO
DNPLCHUATL;MA_LH;DDSTKNFIFO;MA_HQ;FK_DNPLCHUATL_DDSTKNFIFO
DNPLCHUATL;NAMDK;DDSTKNFIFO;MA_HQ;FK_DNPLCHUATL_DDSTKNFIFO
DNPLCHUATL;SOTK;DDSTKNFIFO;MA_HQ;FK_DNPLCHUATL_DDSTKNFIFO
DNPLCHUATL;LAN_TL;DDSTKNFIFO;MA_DV;FK_DNPLCHUATL_DDSTKNFIFO
DNPLCHUATL;MA_DV;DDSTKNFIFO;MA_DV;FK_DNPLCHUATL_DDSTKNFIFO
DNPLCHUATL;MA_HQ;DDSTKNFIFO;MA_DV;FK_DNPLCHUATL_DDSTKNFIFO
DNPLCHUATL;MA_LH;DDSTKNFIFO;MA_DV;FK_DNPLCHUATL_DDSTKNFIFO
DNPLCHUATL;NAMDK;DDSTKNFIFO;MA_DV;FK_DNPLCHUATL_DDSTKNFIFO
DNPLCHUATL;SOTK;DDSTKNFIFO;MA_DV;FK_DNPLCHUATL_DDSTKNFIFO
DNPLCU_TK;_DToKhaiMDID;DTOKHAIMD;_DToKhaiMDID;FK_DNPLCU_TK_DTOKHAIMD
DNPLNHAP_TL;LAN_TL;DLANTHANHLY;LAN_TL;FK_DNPLNHAP_TL_DLANTHANHLY
DNPLNHAP_TL;MA_DV;DLANTHANHLY;LAN_TL;FK_DNPLNHAP_TL_DLANTHANHLY
DNPLNHAP_TL;MA_HQ;DLANTHANHLY;LAN_TL;FK_DNPLNHAP_TL_DLANTHANHLY
DNPLNHAP_TL;LAN_TL;DLANTHANHLY;MA_DV;FK_DNPLNHAP_TL_DLANTHANHLY
DNPLNHAP_TL;MA_DV;DLANTHANHLY;MA_DV;FK_DNPLNHAP_TL_DLANTHANHLY
DNPLNHAP_TL;MA_HQ;DLANTHANHLY;MA_DV;FK_DNPLNHAP_TL_DLANTHANHLY
DNPLNHAP_TL;MA_LH;DNPLNHAP;SOTK;FK_DNPLNHAP_TL_DNPLNHAP
DNPLNHAP_TL;MA_NPL;DNPLNHAP;SOTK;FK_DNPLNHAP_TL_DNPLNHAP
DNPLNHAP_TL;NAMDK;DNPLNHAP;SOTK;FK_DNPLNHAP_TL_DNPLNHAP
DNPLNHAP_TL;SOTK;DNPLNHAP;SOTK;FK_DNPLNHAP_TL_DNPLNHAP
DNPLNHAP_TL;MA_HQ;DNPLNHAP;NAMDK;FK_DNPLNHAP_TL_DNPLNHAP
DNPLNHAP_TL;MA_LH;DNPLNHAP;NAMDK;FK_DNPLNHAP_TL_DNPLNHAP
DNPLNHAP_TL;MA_NPL;DNPLNHAP;NAMDK;FK_DNPLNHAP_TL_DNPLNHAP
DNPLNHAP_TL;NAMDK;DNPLNHAP;NAMDK;FK_DNPLNHAP_TL_DNPLNHAP
DNPLNHAP_TL;SOTK;DNPLNHAP;NAMDK;FK_DNPLNHAP_TL_DNPLNHAP
DNPLNHAP_TL;MA_HQ;DNPLNHAP;SOTK;FK_DNPLNHAP_TL_DNPLNHAP
DNPLNHAP_TL;SOTK;DNPLNHAP;MA_LH;FK_DNPLNHAP_TL_DNPLNHAP
DNPLNHAP_TL;MA_HQ;DNPLNHAP;MA_NPL;FK_DNPLNHAP_TL_DNPLNHAP
DNPLNHAP_TL;MA_LH;DNPLNHAP;MA_NPL;FK_DNPLNHAP_TL_DNPLNHAP
DNPLNHAP_TL;MA_NPL;DNPLNHAP;MA_NPL;FK_DNPLNHAP_TL_DNPLNHAP
DNPLNHAP_TL;NAMDK;DNPLNHAP;MA_NPL;FK_DNPLNHAP_TL_DNPLNHAP
DNPLNHAP_TL;SOTK;DNPLNHAP;MA_NPL;FK_DNPLNHAP_TL_DNPLNHAP
DNPLNHAP_TL;NAMDK;DNPLNHAP;MA_HQ;FK_DNPLNHAP_TL_DNPLNHAP
DNPLNHAP_TL;SOTK;DNPLNHAP;MA_HQ;FK_DNPLNHAP_TL_DNPLNHAP
DNPLNHAP_TL;MA_HQ;DNPLNHAP;MA_LH;FK_DNPLNHAP_TL_DNPLNHAP
DNPLNHAP_TL;MA_LH;DNPLNHAP;MA_LH;FK_DNPLNHAP_TL_DNPLNHAP
DNPLNHAP_TL;MA_NPL;DNPLNHAP;MA_LH;FK_DNPLNHAP_TL_DNPLNHAP
DNPLNHAP_TL;NAMDK;DNPLNHAP;MA_LH;FK_DNPLNHAP_TL_DNPLNHAP
DNPLNHAP_TL;LAN_TL;DLANTHANHLY;MA_HQ;FK_DNPLNHAP_TL_DLANTHANHLY
DNPLNHAP_TL;MA_DV;DLANTHANHLY;MA_HQ;FK_DNPLNHAP_TL_DLANTHANHLY
DNPLNHAP_TL;MA_HQ;DLANTHANHLY;MA_HQ;FK_DNPLNHAP_TL_DLANTHANHLY
DNPLNHAP_TL;MA_HQ;DNPLNHAP;MA_HQ;FK_DNPLNHAP_TL_DNPLNHAP
DNPLNHAP_TL;MA_LH;DNPLNHAP;MA_HQ;FK_DNPLNHAP_TL_DNPLNHAP
DNPLNHAP_TL;MA_NPL;DNPLNHAP;MA_HQ;FK_DNPLNHAP_TL_DNPLNHAP
DNPLNHAP_TL_CT;LAN_TL;DNPLNHAP_TL;LAN_TL;FK_DNPLNHAP_TL_CT_DNPLNHAP_TL
DNPLNHAP_TL_CT;MA_DV;DNPLNHAP_TL;LAN_TL;FK_DNPLNHAP_TL_CT_DNPLNHAP_TL
DNPLNHAP_TL_CT;MA_HQ;DNPLNHAP_TL;LAN_TL;FK_DNPLNHAP_TL_CT_DNPLNHAP_TL
DNPLNHAP_TL_CT;MA_LH;DNPLNHAP_TL;LAN_TL;FK_DNPLNHAP_TL_CT_DNPLNHAP_TL
DNPLNHAP_TL_CT;MA_NPL;DNPLNHAP_TL;LAN_TL;FK_DNPLNHAP_TL_CT_DNPLNHAP_TL
DNPLNHAP_TL_CT;NAMDK;DNPLNHAP_TL;LAN_TL;FK_DNPLNHAP_TL_CT_DNPLNHAP_TL
DNPLNHAP_TL_CT;SOTK;DNPLNHAP_TL;SOTK;FK_DNPLNHAP_TL_CT_DNPLNHAP_TL
DNPLNHAP_TL_CT;LAN_TL;DNPLNHAP_TL;SOTK;FK_DNPLNHAP_TL_CT_DNPLNHAP_TL
DNPLNHAP_TL_CT;MA_DV;DNPLNHAP_TL;SOTK;FK_DNPLNHAP_TL_CT_DNPLNHAP_TL
DNPLNHAP_TL_CT;MA_HQ;DNPLNHAP_TL;SOTK;FK_DNPLNHAP_TL_CT_DNPLNHAP_TL
DNPLNHAP_TL_CT;MA_LH;DNPLNHAP_TL;SOTK;FK_DNPLNHAP_TL_CT_DNPLNHAP_TL
DNPLNHAP_TL_CT;MA_NPL;DNPLNHAP_TL;SOTK;FK_DNPLNHAP_TL_CT_DNPLNHAP_TL
DNPLNHAP_TL_CT;NAMDK;DNPLNHAP_TL;SOTK;FK_DNPLNHAP_TL_CT_DNPLNHAP_TL
DNPLNHAP_TL_CT;MA_DV;DNPLNHAP_TL;NAMDK;FK_DNPLNHAP_TL_CT_DNPLNHAP_TL
DNPLNHAP_TL_CT;MA_HQ;DNPLNHAP_TL;NAMDK;FK_DNPLNHAP_TL_CT_DNPLNHAP_TL
DNPLNHAP_TL_CT;MA_LH;DNPLNHAP_TL;NAMDK;FK_DNPLNHAP_TL_CT_DNPLNHAP_TL
DNPLNHAP_TL_CT;MA_NPL;DNPLNHAP_TL;NAMDK;FK_DNPLNHAP_TL_CT_DNPLNHAP_TL
DNPLNHAP_TL_CT;NAMDK;DNPLNHAP_TL;NAMDK;FK_DNPLNHAP_TL_CT_DNPLNHAP_TL
DNPLNHAP_TL_CT;SOTK;DNPLNHAP_TL;NAMDK;FK_DNPLNHAP_TL_CT_DNPLNHAP_TL
DNPLNHAP_TL_CT;MA_HQ;DNPLNHAP_TL;MA_NPL;FK_DNPLNHAP_TL_CT_DNPLNHAP_TL
DNPLNHAP_TL_CT;MA_LH;DNPLNHAP_TL;MA_NPL;FK_DNPLNHAP_TL_CT_DNPLNHAP_TL
DNPLNHAP_TL_CT;MA_NPL;DNPLNHAP_TL;MA_NPL;FK_DNPLNHAP_TL_CT_DNPLNHAP_TL
DNPLNHAP_TL_CT;NAMDK;DNPLNHAP_TL;MA_NPL;FK_DNPLNHAP_TL_CT_DNPLNHAP_TL
DNPLNHAP_TL_CT;SOTK;DNPLNHAP_TL;MA_NPL;FK_DNPLNHAP_TL_CT_DNPLNHAP_TL
DNPLNHAP_TL_CT;LAN_TL;DNPLNHAP_TL;NAMDK;FK_DNPLNHAP_TL_CT_DNPLNHAP_TL
DNPLNHAP_TL_CT;MA_LH;DNPLNHAP_TL;MA_LH;FK_DNPLNHAP_TL_CT_DNPLNHAP_TL
DNPLNHAP_TL_CT;MA_NPL;DNPLNHAP_TL;MA_LH;FK_DNPLNHAP_TL_CT_DNPLNHAP_TL
DNPLNHAP_TL_CT;NAMDK;DNPLNHAP_TL;MA_LH;FK_DNPLNHAP_TL_CT_DNPLNHAP_TL
DNPLNHAP_TL_CT;SOTK;DNPLNHAP_TL;MA_LH;FK_DNPLNHAP_TL_CT_DNPLNHAP_TL
DNPLNHAP_TL_CT;LAN_TL;DNPLNHAP_TL;MA_NPL;FK_DNPLNHAP_TL_CT_DNPLNHAP_TL
DNPLNHAP_TL_CT;MA_DV;DNPLNHAP_TL;MA_NPL;FK_DNPLNHAP_TL_CT_DNPLNHAP_TL
DNPLNHAP_TL_CT;MA_NPL;DNPLNHAP_TL;MA_HQ;FK_DNPLNHAP_TL_CT_DNPLNHAP_TL
DNPLNHAP_TL_CT;NAMDK;DNPLNHAP_TL;MA_HQ;FK_DNPLNHAP_TL_CT_DNPLNHAP_TL
DNPLNHAP_TL_CT;SOTK;DNPLNHAP_TL;MA_HQ;FK_DNPLNHAP_TL_CT_DNPLNHAP_TL
DNPLNHAP_TL_CT;LAN_TL;DNPLNHAP_TL;MA_LH;FK_DNPLNHAP_TL_CT_DNPLNHAP_TL
DNPLNHAP_TL_CT;MA_DV;DNPLNHAP_TL;MA_LH;FK_DNPLNHAP_TL_CT_DNPLNHAP_TL
DNPLNHAP_TL_CT;MA_HQ;DNPLNHAP_TL;MA_LH;FK_DNPLNHAP_TL_CT_DNPLNHAP_TL
DNPLNHAP_TL_CT;NAMDK;DNPLNHAP_TL;MA_DV;FK_DNPLNHAP_TL_CT_DNPLNHAP_TL
DNPLNHAP_TL_CT;SOTK;DNPLNHAP_TL;MA_DV;FK_DNPLNHAP_TL_CT_DNPLNHAP_TL
DNPLNHAP_TL_CT;LAN_TL;DNPLNHAP_TL;MA_HQ;FK_DNPLNHAP_TL_CT_DNPLNHAP_TL
DNPLNHAP_TL_CT;MA_DV;DNPLNHAP_TL;MA_HQ;FK_DNPLNHAP_TL_CT_DNPLNHAP_TL
DNPLNHAP_TL_CT;MA_HQ;DNPLNHAP_TL;MA_HQ;FK_DNPLNHAP_TL_CT_DNPLNHAP_TL
DNPLNHAP_TL_CT;MA_LH;DNPLNHAP_TL;MA_HQ;FK_DNPLNHAP_TL_CT_DNPLNHAP_TL
DNPLNHAP_TL_CT;SOTK;DNPLNHAP_TL;LAN_TL;FK_DNPLNHAP_TL_CT_DNPLNHAP_TL
DNPLNHAP_TL_CT;LAN_TL;DNPLNHAP_TL;MA_DV;FK_DNPLNHAP_TL_CT_DNPLNHAP_TL
DNPLNHAP_TL_CT;MA_DV;DNPLNHAP_TL;MA_DV;FK_DNPLNHAP_TL_CT_DNPLNHAP_TL
DNPLNHAP_TL_CT;MA_HQ;DNPLNHAP_TL;MA_DV;FK_DNPLNHAP_TL_CT_DNPLNHAP_TL
DNPLNHAP_TL_CT;MA_LH;DNPLNHAP_TL;MA_DV;FK_DNPLNHAP_TL_CT_DNPLNHAP_TL
DNPLNHAP_TL_CT;MA_NPL;DNPLNHAP_TL;MA_DV;FK_DNPLNHAP_TL_CT_DNPLNHAP_TL
DNPLNHAP_TL_TH;MA_LH;DDIEUCHINH;LAN_DC;FK_DNPLNHAP_TL_TH_DDIEUCHINH
DNPLNHAP_TL_TH;NAMDK;DDIEUCHINH;LAN_DC;FK_DNPLNHAP_TL_TH_DDIEUCHINH
DNPLNHAP_TL_TH;SOTK;DDIEUCHINH;LAN_DC;FK_DNPLNHAP_TL_TH_DDIEUCHINH
DNPLNHAP_TL_TH;LAN_DC;DDIEUCHINH;LAN_DC;FK_DNPLNHAP_TL_TH_DDIEUCHINH
DNPLNHAP_TL_TH;MA_HQ;DDIEUCHINH;LAN_DC;FK_DNPLNHAP_TL_TH_DDIEUCHINH
DNPLNHAP_TL_TH;MA_LH;DDIEUCHINH;MA_HQ;FK_DNPLNHAP_TL_TH_DDIEUCHINH
DNPLNHAP_TL_TH;NAMDK;DNPLNHAP_TL_CT;SOTK;FK_DNPLNHAP_TL_TH_DNPLNHAP_TL_CT
DNPLNHAP_TL_TH;SOTK;DNPLNHAP_TL_CT;SOTK;FK_DNPLNHAP_TL_TH_DNPLNHAP_TL_CT
DNPLNHAP_TL_TH;SOTK;DNPLNHAP_TL_CT;NAMDK;FK_DNPLNHAP_TL_TH_DNPLNHAP_TL_CT
DNPLNHAP_TL_TH;LAN_TL;DNPLNHAP_TL_CT;SOTK;FK_DNPLNHAP_TL_TH_DNPLNHAP_TL_CT
DNPLNHAP_TL_TH;MA_DV;DNPLNHAP_TL_CT;SOTK;FK_DNPLNHAP_TL_TH_DNPLNHAP_TL_CT
DNPLNHAP_TL_TH;MA_HQ;DNPLNHAP_TL_CT;SOTK;FK_DNPLNHAP_TL_TH_DNPLNHAP_TL_CT
DNPLNHAP_TL_TH;MA_LH;DNPLNHAP_TL_CT;SOTK;FK_DNPLNHAP_TL_TH_DNPLNHAP_TL_CT
DNPLNHAP_TL_TH;MA_PHU;DNPLNHAP_TL_CT;SOTK;FK_DNPLNHAP_TL_TH_DNPLNHAP_TL_CT
DNPLNHAP_TL_TH;LAN_TL;DNPLNHAP_TL_CT;NAMDK;FK_DNPLNHAP_TL_TH_DNPLNHAP_TL_CT
DNPLNHAP_TL_TH;MA_DV;DNPLNHAP_TL_CT;NAMDK;FK_DNPLNHAP_TL_TH_DNPLNHAP_TL_CT
DNPLNHAP_TL_TH;MA_HQ;DNPLNHAP_TL_CT;NAMDK;FK_DNPLNHAP_TL_TH_DNPLNHAP_TL_CT
DNPLNHAP_TL_TH;MA_LH;DNPLNHAP_TL_CT;NAMDK;FK_DNPLNHAP_TL_TH_DNPLNHAP_TL_CT
DNPLNHAP_TL_TH;MA_PHU;DNPLNHAP_TL_CT;NAMDK;FK_DNPLNHAP_TL_TH_DNPLNHAP_TL_CT
DNPLNHAP_TL_TH;NAMDK;DNPLNHAP_TL_CT;NAMDK;FK_DNPLNHAP_TL_TH_DNPLNHAP_TL_CT
DNPLNHAP_TL_TH;MA_DV;DNPLNHAP_TL_CT;MA_PHU;FK_DNPLNHAP_TL_TH_DNPLNHAP_TL_CT
DNPLNHAP_TL_TH;MA_HQ;DNPLNHAP_TL_CT;MA_PHU;FK_DNPLNHAP_TL_TH_DNPLNHAP_TL_CT
DNPLNHAP_TL_TH;MA_LH;DNPLNHAP_TL_CT;MA_PHU;FK_DNPLNHAP_TL_TH_DNPLNHAP_TL_CT
DNPLNHAP_TL_TH;MA_PHU;DNPLNHAP_TL_CT;MA_PHU;FK_DNPLNHAP_TL_TH_DNPLNHAP_TL_CT
DNPLNHAP_TL_TH;NAMDK;DNPLNHAP_TL_CT;MA_PHU;FK_DNPLNHAP_TL_TH_DNPLNHAP_TL_CT
DNPLNHAP_TL_TH;SOTK;DNPLNHAP_TL_CT;MA_PHU;FK_DNPLNHAP_TL_TH_DNPLNHAP_TL_CT
DNPLNHAP_TL_TH;MA_HQ;DNPLNHAP_TL_CT;MA_LH;FK_DNPLNHAP_TL_TH_DNPLNHAP_TL_CT
DNPLNHAP_TL_TH;MA_LH;DNPLNHAP_TL_CT;MA_LH;FK_DNPLNHAP_TL_TH_DNPLNHAP_TL_CT
DNPLNHAP_TL_TH;MA_PHU;DNPLNHAP_TL_CT;MA_LH;FK_DNPLNHAP_TL_TH_DNPLNHAP_TL_CT
DNPLNHAP_TL_TH;NAMDK;DNPLNHAP_TL_CT;MA_LH;FK_DNPLNHAP_TL_TH_DNPLNHAP_TL_CT
DNPLNHAP_TL_TH;SOTK;DNPLNHAP_TL_CT;MA_LH;FK_DNPLNHAP_TL_TH_DNPLNHAP_TL_CT
DNPLNHAP_TL_TH;LAN_TL;DNPLNHAP_TL_CT;MA_PHU;FK_DNPLNHAP_TL_TH_DNPLNHAP_TL_CT
DNPLNHAP_TL_TH;MA_LH;DNPLNHAP_TL_CT;MA_HQ;FK_DNPLNHAP_TL_TH_DNPLNHAP_TL_CT
DNPLNHAP_TL_TH;MA_PHU;DNPLNHAP_TL_CT;MA_HQ;FK_DNPLNHAP_TL_TH_DNPLNHAP_TL_CT
DNPLNHAP_TL_TH;NAMDK;DNPLNHAP_TL_CT;MA_HQ;FK_DNPLNHAP_TL_TH_DNPLNHAP_TL_CT
DNPLNHAP_TL_TH;SOTK;DNPLNHAP_TL_CT;MA_HQ;FK_DNPLNHAP_TL_TH_DNPLNHAP_TL_CT
DNPLNHAP_TL_TH;LAN_TL;DNPLNHAP_TL_CT;MA_LH;FK_DNPLNHAP_TL_TH_DNPLNHAP_TL_CT
DNPLNHAP_TL_TH;MA_DV;DNPLNHAP_TL_CT;MA_LH;FK_DNPLNHAP_TL_TH_DNPLNHAP_TL_CT
DNPLNHAP_TL_TH;MA_PHU;DNPLNHAP_TL_CT;MA_DV;FK_DNPLNHAP_TL_TH_DNPLNHAP_TL_CT
DNPLNHAP_TL_TH;NAMDK;DNPLNHAP_TL_CT;MA_DV;FK_DNPLNHAP_TL_TH_DNPLNHAP_TL_CT
DNPLNHAP_TL_TH;SOTK;DNPLNHAP_TL_CT;MA_DV;FK_DNPLNHAP_TL_TH_DNPLNHAP_TL_CT
DNPLNHAP_TL_TH;LAN_TL;DNPLNHAP_TL_CT;MA_HQ;FK_DNPLNHAP_TL_TH_DNPLNHAP_TL_CT
DNPLNHAP_TL_TH;MA_DV;DNPLNHAP_TL_CT;MA_HQ;FK_DNPLNHAP_TL_TH_DNPLNHAP_TL_CT
DNPLNHAP_TL_TH;MA_HQ;DNPLNHAP_TL_CT;MA_HQ;FK_DNPLNHAP_TL_TH_DNPLNHAP_TL_CT
DNPLNHAP_TL_TH;NAMDK;DNPLNHAP_TL_CT;LAN_TL;FK_DNPLNHAP_TL_TH_DNPLNHAP_TL_CT
DNPLNHAP_TL_TH;SOTK;DNPLNHAP_TL_CT;LAN_TL;FK_DNPLNHAP_TL_TH_DNPLNHAP_TL_CT
DNPLNHAP_TL_TH;LAN_TL;DNPLNHAP_TL_CT;MA_DV;FK_DNPLNHAP_TL_TH_DNPLNHAP_TL_CT
DNPLNHAP_TL_TH;MA_DV;DNPLNHAP_TL_CT;MA_DV;FK_DNPLNHAP_TL_TH_DNPLNHAP_TL_CT
DNPLNHAP_TL_TH;MA_HQ;DNPLNHAP_TL_CT;MA_DV;FK_DNPLNHAP_TL_TH_DNPLNHAP_TL_CT
DNPLNHAP_TL_TH;MA_LH;DNPLNHAP_TL_CT;MA_DV;FK_DNPLNHAP_TL_TH_DNPLNHAP_TL_CT
DNPLNHAP_TL_TH;MA_HQ;DDIEUCHINH;SOTK;FK_DNPLNHAP_TL_TH_DDIEUCHINH
DNPLNHAP_TL_TH;LAN_TL;DNPLNHAP_TL_CT;LAN_TL;FK_DNPLNHAP_TL_TH_DNPLNHAP_TL_CT
DNPLNHAP_TL_TH;MA_DV;DNPLNHAP_TL_CT;LAN_TL;FK_DNPLNHAP_TL_TH_DNPLNHAP_TL_CT
DNPLNHAP_TL_TH;MA_HQ;DNPLNHAP_TL_CT;LAN_TL;FK_DNPLNHAP_TL_TH_DNPLNHAP_TL_CT
DNPLNHAP_TL_TH;MA_LH;DNPLNHAP_TL_CT;LAN_TL;FK_DNPLNHAP_TL_TH_DNPLNHAP_TL_CT
DNPLNHAP_TL_TH;MA_PHU;DNPLNHAP_TL_CT;LAN_TL;FK_DNPLNHAP_TL_TH_DNPLNHAP_TL_CT
DNPLNHAP_TL_TH;LAN_DC;DDIEUCHINH;NAMDK;FK_DNPLNHAP_TL_TH_DDIEUCHINH
DNPLNHAP_TL_TH;MA_HQ;DDIEUCHINH;NAMDK;FK_DNPLNHAP_TL_TH_DDIEUCHINH
DNPLNHAP_TL_TH;MA_LH;DDIEUCHINH;SOTK;FK_DNPLNHAP_TL_TH_DDIEUCHINH
DNPLNHAP_TL_TH;NAMDK;DDIEUCHINH;SOTK;FK_DNPLNHAP_TL_TH_DDIEUCHINH
DNPLNHAP_TL_TH;SOTK;DDIEUCHINH;SOTK;FK_DNPLNHAP_TL_TH_DDIEUCHINH
DNPLNHAP_TL_TH;LAN_DC;DDIEUCHINH;SOTK;FK_DNPLNHAP_TL_TH_DDIEUCHINH
DNPLNHAP_TL_TH;SOTK;DDIEUCHINH;MA_LH;FK_DNPLNHAP_TL_TH_DDIEUCHINH
DNPLNHAP_TL_TH;LAN_DC;DDIEUCHINH;MA_LH;FK_DNPLNHAP_TL_TH_DDIEUCHINH
DNPLNHAP_TL_TH;MA_HQ;DDIEUCHINH;MA_LH;FK_DNPLNHAP_TL_TH_DDIEUCHINH
DNPLNHAP_TL_TH;MA_LH;DDIEUCHINH;NAMDK;FK_DNPLNHAP_TL_TH_DDIEUCHINH
DNPLNHAP_TL_TH;NAMDK;DDIEUCHINH;NAMDK;FK_DNPLNHAP_TL_TH_DDIEUCHINH
DNPLNHAP_TL_TH;SOTK;DDIEUCHINH;NAMDK;FK_DNPLNHAP_TL_TH_DDIEUCHINH
DNPLNHAP_TL_TH;NAMDK;DDIEUCHINH;MA_HQ;FK_DNPLNHAP_TL_TH_DDIEUCHINH
DNPLNHAP_TL_TH;SOTK;DDIEUCHINH;MA_HQ;FK_DNPLNHAP_TL_TH_DDIEUCHINH
DNPLNHAP_TL_TH;LAN_DC;DDIEUCHINH;MA_HQ;FK_DNPLNHAP_TL_TH_DDIEUCHINH
DNPLNHAP_TL_TH;MA_HQ;DDIEUCHINH;MA_HQ;FK_DNPLNHAP_TL_TH_DDIEUCHINH
DNPLNHAP_TL_TH;MA_LH;DDIEUCHINH;MA_LH;FK_DNPLNHAP_TL_TH_DDIEUCHINH
DNPLNHAP_TL_TH;NAMDK;DDIEUCHINH;MA_LH;FK_DNPLNHAP_TL_TH_DDIEUCHINH
DNPLNTMAN;LAN_TL;DDSTKNFIFO;LAN_TL;FK_DNPLNTMAN_DDSTKNFIFO
DNPLNTMAN;MA_DV;DDSTKNFIFO;LAN_TL;FK_DNPLNTMAN_DDSTKNFIFO
DNPLNTMAN;MA_HQ;DDSTKNFIFO;LAN_TL;FK_DNPLNTMAN_DDSTKNFIFO
DNPLNTMAN;MA_LH;DDSTKNFIFO;LAN_TL;FK_DNPLNTMAN_DDSTKNFIFO
DNPLNTMAN;NAMDK;DDSTKNFIFO;LAN_TL;FK_DNPLNTMAN_DDSTKNFIFO
DNPLNTMAN;SOTK;DDSTKNFIFO;LAN_TL;FK_DNPLNTMAN_DDSTKNFIFO
DNPLNTMAN;LAN_TL;DDSTKNFIFO;SOTK;FK_DNPLNTMAN_DDSTKNFIFO
DNPLNTMAN;MA_DV;DDSTKNFIFO;SOTK;FK_DNPLNTMAN_DDSTKNFIFO
DNPLNTMAN;MA_HQ;DDSTKNFIFO;SOTK;FK_DNPLNTMAN_DDSTKNFIFO
DNPLNTMAN;MA_LH;DDSTKNFIFO;SOTK;FK_DNPLNTMAN_DDSTKNFIFO
DNPLNTMAN;NAMDK;DDSTKNFIFO;SOTK;FK_DNPLNTMAN_DDSTKNFIFO
DNPLNTMAN;SOTK;DDSTKNFIFO;SOTK;FK_DNPLNTMAN_DDSTKNFIFO
DNPLNTMAN;LAN_TL;DDSTKNFIFO;NAMDK;FK_DNPLNTMAN_DDSTKNFIFO
DNPLNTMAN;MA_DV;DDSTKNFIFO;NAMDK;FK_DNPLNTMAN_DDSTKNFIFO
DNPLNTMAN;MA_HQ;DDSTKNFIFO;NAMDK;FK_DNPLNTMAN_DDSTKNFIFO
DNPLNTMAN;MA_LH;DDSTKNFIFO;NAMDK;FK_DNPLNTMAN_DDSTKNFIFO
DNPLNTMAN;NAMDK;DDSTKNFIFO;NAMDK;FK_DNPLNTMAN_DDSTKNFIFO
DNPLNTMAN;SOTK;DDSTKNFIFO;NAMDK;FK_DNPLNTMAN_DDSTKNFIFO
DNPLNTMAN;LAN_TL;DDSTKNFIFO;MA_LH;FK_DNPLNTMAN_DDSTKNFIFO
DNPLNTMAN;MA_DV;DDSTKNFIFO;MA_LH;FK_DNPLNTMAN_DDSTKNFIFO
DNPLNTMAN;MA_HQ;DDSTKNFIFO;MA_LH;FK_DNPLNTMAN_DDSTKNFIFO
DNPLNTMAN;MA_LH;DDSTKNFIFO;MA_LH;FK_DNPLNTMAN_DDSTKNFIFO
DNPLNTMAN;NAMDK;DDSTKNFIFO;MA_LH;FK_DNPLNTMAN_DDSTKNFIFO
DNPLNTMAN;SOTK;DDSTKNFIFO;MA_LH;FK_DNPLNTMAN_DDSTKNFIFO
DNPLNTMAN;LAN_TL;DDSTKNFIFO;MA_HQ;FK_DNPLNTMAN_DDSTKNFIFO
DNPLNTMAN;MA_DV;DDSTKNFIFO;MA_HQ;FK_DNPLNTMAN_DDSTKNFIFO
DNPLNTMAN;MA_HQ;DDSTKNFIFO;MA_HQ;FK_DNPLNTMAN_DDSTKNFIFO
DNPLNTMAN;MA_LH;DDSTKNFIFO;MA_HQ;FK_DNPLNTMAN_DDSTKNFIFO
DNPLNTMAN;NAMDK;DDSTKNFIFO;MA_HQ;FK_DNPLNTMAN_DDSTKNFIFO
DNPLNTMAN;SOTK;DDSTKNFIFO;MA_HQ;FK_DNPLNTMAN_DDSTKNFIFO
DNPLNTMAN;LAN_TL;DDSTKNFIFO;MA_DV;FK_DNPLNTMAN_DDSTKNFIFO
DNPLNTMAN;MA_DV;DDSTKNFIFO;MA_DV;FK_DNPLNTMAN_DDSTKNFIFO
DNPLNTMAN;MA_HQ;DDSTKNFIFO;MA_DV;FK_DNPLNTMAN_DDSTKNFIFO
DNPLNTMAN;MA_LH;DDSTKNFIFO;MA_DV;FK_DNPLNTMAN_DDSTKNFIFO
DNPLNTMAN;NAMDK;DDSTKNFIFO;MA_DV;FK_DNPLNTMAN_DDSTKNFIFO
DNPLNTMAN;SOTK;DDSTKNFIFO;MA_DV;FK_DNPLNTMAN_DDSTKNFIFO
DNPLSDMAN;LAN_TL;DDSTKNFIFO;LAN_TL;FK_DNPLSDMAN_DDSTKNFIFO
DNPLSDMAN;MA_DV;DDSTKNFIFO;LAN_TL;FK_DNPLSDMAN_DDSTKNFIFO
DNPLSDMAN;MA_HQ;DDSTKNFIFO;LAN_TL;FK_DNPLSDMAN_DDSTKNFIFO
DNPLSDMAN;MA_LH;DDSTKNFIFO;LAN_TL;FK_DNPLSDMAN_DDSTKNFIFO
DNPLSDMAN;NAMDK;DDSTKNFIFO;LAN_TL;FK_DNPLSDMAN_DDSTKNFIFO
DNPLSDMAN;SOTK;DDSTKNFIFO;LAN_TL;FK_DNPLSDMAN_DDSTKNFIFO
DNPLSDMAN;SOTKX;DDSTKXFIFO;SOTKX;FK_DNPLSDMAN_DDSTKXFIFO
DNPLSDMAN;LAN_TL;DDSTKXFIFO;SOTKX;FK_DNPLSDMAN_DDSTKXFIFO
DNPLSDMAN;MA_DV;DDSTKXFIFO;SOTKX;FK_DNPLSDMAN_DDSTKXFIFO
DNPLSDMAN;MA_HQ;DDSTKXFIFO;SOTKX;FK_DNPLSDMAN_DDSTKXFIFO
DNPLSDMAN;MA_HQX;DDSTKXFIFO;SOTKX;FK_DNPLSDMAN_DDSTKXFIFO
DNPLSDMAN;MA_LHX;DDSTKXFIFO;SOTKX;FK_DNPLSDMAN_DDSTKXFIFO
DNPLSDMAN;NAMDKX;DDSTKXFIFO;SOTKX;FK_DNPLSDMAN_DDSTKXFIFO
DNPLSDMAN;MA_DV;DDSTKXFIFO;NAMDKX;FK_DNPLSDMAN_DDSTKXFIFO
DNPLSDMAN;MA_HQ;DDSTKXFIFO;NAMDKX;FK_DNPLSDMAN_DDSTKXFIFO
DNPLSDMAN;MA_HQX;DDSTKXFIFO;NAMDKX;FK_DNPLSDMAN_DDSTKXFIFO
DNPLSDMAN;MA_LHX;DDSTKXFIFO;NAMDKX;FK_DNPLSDMAN_DDSTKXFIFO
DNPLSDMAN;NAMDKX;DDSTKXFIFO;NAMDKX;FK_DNPLSDMAN_DDSTKXFIFO
DNPLSDMAN;SOTKX;DDSTKXFIFO;NAMDKX;FK_DNPLSDMAN_DDSTKXFIFO
DNPLSDMAN;MA_HQ;DDSTKXFIFO;MA_LHX;FK_DNPLSDMAN_DDSTKXFIFO
DNPLSDMAN;MA_HQX;DDSTKXFIFO;MA_LHX;FK_DNPLSDMAN_DDSTKXFIFO
DNPLSDMAN;MA_LHX;DDSTKXFIFO;MA_LHX;FK_DNPLSDMAN_DDSTKXFIFO
DNPLSDMAN;NAMDKX;DDSTKXFIFO;MA_LHX;FK_DNPLSDMAN_DDSTKXFIFO
DNPLSDMAN;SOTKX;DDSTKXFIFO;MA_LHX;FK_DNPLSDMAN_DDSTKXFIFO
DNPLSDMAN;LAN_TL;DDSTKXFIFO;NAMDKX;FK_DNPLSDMAN_DDSTKXFIFO
DNPLSDMAN;MA_HQX;DDSTKXFIFO;MA_HQX;FK_DNPLSDMAN_DDSTKXFIFO
DNPLSDMAN;MA_LHX;DDSTKXFIFO;MA_HQX;FK_DNPLSDMAN_DDSTKXFIFO
DNPLSDMAN;NAMDKX;DDSTKXFIFO;MA_HQX;FK_DNPLSDMAN_DDSTKXFIFO
DNPLSDMAN;SOTKX;DDSTKXFIFO;MA_HQX;FK_DNPLSDMAN_DDSTKXFIFO
DNPLSDMAN;LAN_TL;DDSTKXFIFO;MA_LHX;FK_DNPLSDMAN_DDSTKXFIFO
DNPLSDMAN;MA_DV;DDSTKXFIFO;MA_LHX;FK_DNPLSDMAN_DDSTKXFIFO
DNPLSDMAN;MA_LHX;DDSTKXFIFO;MA_HQ;FK_DNPLSDMAN_DDSTKXFIFO
DNPLSDMAN;NAMDKX;DDSTKXFIFO;MA_HQ;FK_DNPLSDMAN_DDSTKXFIFO
DNPLSDMAN;SOTKX;DDSTKXFIFO;MA_HQ;FK_DNPLSDMAN_DDSTKXFIFO
DNPLSDMAN;LAN_TL;DDSTKXFIFO;MA_HQX;FK_DNPLSDMAN_DDSTKXFIFO
DNPLSDMAN;MA_DV;DDSTKXFIFO;MA_HQX;FK_DNPLSDMAN_DDSTKXFIFO
DNPLSDMAN;MA_HQ;DDSTKXFIFO;MA_HQX;FK_DNPLSDMAN_DDSTKXFIFO
DNPLSDMAN;NAMDKX;DDSTKXFIFO;MA_DV;FK_DNPLSDMAN_DDSTKXFIFO
DNPLSDMAN;SOTKX;DDSTKXFIFO;MA_DV;FK_DNPLSDMAN_DDSTKXFIFO
DNPLSDMAN;LAN_TL;DDSTKXFIFO;MA_HQ;FK_DNPLSDMAN_DDSTKXFIFO
DNPLSDMAN;MA_DV;DDSTKXFIFO;MA_HQ;FK_DNPLSDMAN_DDSTKXFIFO
DNPLSDMAN;MA_HQ;DDSTKXFIFO;MA_HQ;FK_DNPLSDMAN_DDSTKXFIFO
DNPLSDMAN;MA_HQX;DDSTKXFIFO;MA_HQ;FK_DNPLSDMAN_DDSTKXFIFO
DNPLSDMAN;SOTKX;DDSTKXFIFO;LAN_TL;FK_DNPLSDMAN_DDSTKXFIFO
DNPLSDMAN;LAN_TL;DDSTKXFIFO;MA_DV;FK_DNPLSDMAN_DDSTKXFIFO
DNPLSDMAN;MA_DV;DDSTKXFIFO;MA_DV;FK_DNPLSDMAN_DDSTKXFIFO
DNPLSDMAN;MA_HQ;DDSTKXFIFO;MA_DV;FK_DNPLSDMAN_DDSTKXFIFO
DNPLSDMAN;MA_HQX;DDSTKXFIFO;MA_DV;FK_DNPLSDMAN_DDSTKXFIFO
DNPLSDMAN;MA_LHX;DDSTKXFIFO;MA_DV;FK_DNPLSDMAN_DDSTKXFIFO
DNPLSDMAN;LAN_TL;DDSTKXFIFO;LAN_TL;FK_DNPLSDMAN_DDSTKXFIFO
DNPLSDMAN;MA_DV;DDSTKXFIFO;LAN_TL;FK_DNPLSDMAN_DDSTKXFIFO
DNPLSDMAN;MA_HQ;DDSTKXFIFO;LAN_TL;FK_DNPLSDMAN_DDSTKXFIFO
DNPLSDMAN;MA_HQX;DDSTKXFIFO;LAN_TL;FK_DNPLSDMAN_DDSTKXFIFO
DNPLSDMAN;MA_LHX;DDSTKXFIFO;LAN_TL;FK_DNPLSDMAN_DDSTKXFIFO
DNPLSDMAN;NAMDKX;DDSTKXFIFO;LAN_TL;FK_DNPLSDMAN_DDSTKXFIFO
DNPLSDMAN;LAN_TL;DDSTKNFIFO;SOTK;FK_DNPLSDMAN_DDSTKNFIFO
DNPLSDMAN;MA_DV;DDSTKNFIFO;SOTK;FK_DNPLSDMAN_DDSTKNFIFO
DNPLSDMAN;MA_HQ;DDSTKNFIFO;SOTK;FK_DNPLSDMAN_DDSTKNFIFO
DNPLSDMAN;MA_LH;DDSTKNFIFO;SOTK;FK_DNPLSDMAN_DDSTKNFIFO
DNPLSDMAN;NAMDK;DDSTKNFIFO;SOTK;FK_DNPLSDMAN_DDSTKNFIFO
DNPLSDMAN;SOTK;DDSTKNFIFO;SOTK;FK_DNPLSDMAN_DDSTKNFIFO
DNPLSDMAN;LAN_TL;DDSTKNFIFO;NAMDK;FK_DNPLSDMAN_DDSTKNFIFO
DNPLSDMAN;MA_DV;DDSTKNFIFO;NAMDK;FK_DNPLSDMAN_DDSTKNFIFO
DNPLSDMAN;MA_HQ;DDSTKNFIFO;NAMDK;FK_DNPLSDMAN_DDSTKNFIFO
DNPLSDMAN;MA_LH;DDSTKNFIFO;NAMDK;FK_DNPLSDMAN_DDSTKNFIFO
DNPLSDMAN;NAMDK;DDSTKNFIFO;NAMDK;FK_DNPLSDMAN_DDSTKNFIFO
DNPLSDMAN;SOTK;DDSTKNFIFO;NAMDK;FK_DNPLSDMAN_DDSTKNFIFO
DNPLSDMAN;LAN_TL;DDSTKNFIFO;MA_LH;FK_DNPLSDMAN_DDSTKNFIFO
DNPLSDMAN;MA_DV;DDSTKNFIFO;MA_LH;FK_DNPLSDMAN_DDSTKNFIFO
DNPLSDMAN;MA_HQ;DDSTKNFIFO;MA_LH;FK_DNPLSDMAN_DDSTKNFIFO
DNPLSDMAN;MA_LH;DDSTKNFIFO;MA_LH;FK_DNPLSDMAN_DDSTKNFIFO
DNPLSDMAN;NAMDK;DDSTKNFIFO;MA_LH;FK_DNPLSDMAN_DDSTKNFIFO
DNPLSDMAN;SOTK;DDSTKNFIFO;MA_LH;FK_DNPLSDMAN_DDSTKNFIFO
DNPLSDMAN;LAN_TL;DDSTKNFIFO;MA_HQ;FK_DNPLSDMAN_DDSTKNFIFO
DNPLSDMAN;MA_DV;DDSTKNFIFO;MA_HQ;FK_DNPLSDMAN_DDSTKNFIFO
DNPLSDMAN;MA_HQ;DDSTKNFIFO;MA_HQ;FK_DNPLSDMAN_DDSTKNFIFO
DNPLSDMAN;MA_LH;DDSTKNFIFO;MA_HQ;FK_DNPLSDMAN_DDSTKNFIFO
DNPLSDMAN;NAMDK;DDSTKNFIFO;MA_HQ;FK_DNPLSDMAN_DDSTKNFIFO
DNPLSDMAN;SOTK;DDSTKNFIFO;MA_HQ;FK_DNPLSDMAN_DDSTKNFIFO
DNPLSDMAN;LAN_TL;DDSTKNFIFO;MA_DV;FK_DNPLSDMAN_DDSTKNFIFO
DNPLSDMAN;MA_DV;DDSTKNFIFO;MA_DV;FK_DNPLSDMAN_DDSTKNFIFO
DNPLSDMAN;MA_HQ;DDSTKNFIFO;MA_DV;FK_DNPLSDMAN_DDSTKNFIFO
DNPLSDMAN;MA_LH;DDSTKNFIFO;MA_DV;FK_DNPLSDMAN_DDSTKNFIFO
DNPLSDMAN;NAMDK;DDSTKNFIFO;MA_DV;FK_DNPLSDMAN_DDSTKNFIFO
DNPLSDMAN;SOTK;DDSTKNFIFO;MA_DV;FK_DNPLSDMAN_DDSTKNFIFO
DNPLTXMAN;LAN_TL;DDSTKNFIFO;LAN_TL;FK_DNPLTXMAN_DDSTKNFIFO
DNPLTXMAN;MA_DV;DDSTKNFIFO;LAN_TL;FK_DNPLTXMAN_DDSTKNFIFO
DNPLTXMAN;MA_HQ;DDSTKNFIFO;LAN_TL;FK_DNPLTXMAN_DDSTKNFIFO
DNPLTXMAN;MA_LH;DDSTKNFIFO;LAN_TL;FK_DNPLTXMAN_DDSTKNFIFO
DNPLTXMAN;NAMDK;DDSTKNFIFO;LAN_TL;FK_DNPLTXMAN_DDSTKNFIFO
DNPLTXMAN;SOTK;DDSTKNFIFO;LAN_TL;FK_DNPLTXMAN_DDSTKNFIFO
DNPLTXMAN;MA_LHTX;DDSTKXFIFO;SOTKX;FK_DNPLTXMAN_DDSTKXFIFO
DNPLTXMAN;NAMDKTX;DDSTKXFIFO;SOTKX;FK_DNPLTXMAN_DDSTKXFIFO
DNPLTXMAN;SOTKTX;DDSTKXFIFO;SOTKX;FK_DNPLTXMAN_DDSTKXFIFO
DNPLTXMAN;LAN_TL;DDSTKXFIFO;SOTKX;FK_DNPLTXMAN_DDSTKXFIFO
DNPLTXMAN;MA_DV;DDSTKXFIFO;SOTKX;FK_DNPLTXMAN_DDSTKXFIFO
DNPLTXMAN;MA_HQ;DDSTKXFIFO;SOTKX;FK_DNPLTXMAN_DDSTKXFIFO
DNPLTXMAN;MA_HQTX;DDSTKXFIFO;SOTKX;FK_DNPLTXMAN_DDSTKXFIFO
DNPLTXMAN;SOTKTX;DDSTKXFIFO;NAMDKX;FK_DNPLTXMAN_DDSTKXFIFO
DNPLTXMAN;LAN_TL;DDSTKXFIFO;NAMDKX;FK_DNPLTXMAN_DDSTKXFIFO
DNPLTXMAN;MA_DV;DDSTKXFIFO;NAMDKX;FK_DNPLTXMAN_DDSTKXFIFO
DNPLTXMAN;MA_HQ;DDSTKXFIFO;NAMDKX;FK_DNPLTXMAN_DDSTKXFIFO
DNPLTXMAN;MA_HQTX;DDSTKXFIFO;NAMDKX;FK_DNPLTXMAN_DDSTKXFIFO
DNPLTXMAN;MA_LHTX;DDSTKXFIFO;NAMDKX;FK_DNPLTXMAN_DDSTKXFIFO
DNPLTXMAN;LAN_TL;DDSTKXFIFO;MA_LHX;FK_DNPLTXMAN_DDSTKXFIFO
DNPLTXMAN;MA_DV;DDSTKXFIFO;MA_LHX;FK_DNPLTXMAN_DDSTKXFIFO
DNPLTXMAN;MA_HQ;DDSTKXFIFO;MA_LHX;FK_DNPLTXMAN_DDSTKXFIFO
DNPLTXMAN;MA_HQTX;DDSTKXFIFO;MA_LHX;FK_DNPLTXMAN_DDSTKXFIFO
DNPLTXMAN;MA_LHTX;DDSTKXFIFO;MA_LHX;FK_DNPLTXMAN_DDSTKXFIFO
DNPLTXMAN;NAMDKTX;DDSTKXFIFO;NAMDKX;FK_DNPLTXMAN_DDSTKXFIFO
DNPLTXMAN;MA_DV;DDSTKXFIFO;MA_HQX;FK_DNPLTXMAN_DDSTKXFIFO
DNPLTXMAN;MA_HQ;DDSTKXFIFO;MA_HQX;FK_DNPLTXMAN_DDSTKXFIFO
DNPLTXMAN;MA_HQTX;DDSTKXFIFO;MA_HQX;FK_DNPLTXMAN_DDSTKXFIFO
DNPLTXMAN;MA_LHTX;DDSTKXFIFO;MA_HQX;FK_DNPLTXMAN_DDSTKXFIFO
DNPLTXMAN;NAMDKTX;DDSTKXFIFO;MA_LHX;FK_DNPLTXMAN_DDSTKXFIFO
DNPLTXMAN;SOTKTX;DDSTKXFIFO;MA_LHX;FK_DNPLTXMAN_DDSTKXFIFO
DNPLTXMAN;MA_HQ;DDSTKXFIFO;MA_HQ;FK_DNPLTXMAN_DDSTKXFIFO
DNPLTXMAN;MA_HQTX;DDSTKXFIFO;MA_HQ;FK_DNPLTXMAN_DDSTKXFIFO
DNPLTXMAN;MA_LHTX;DDSTKXFIFO;MA_HQ;FK_DNPLTXMAN_DDSTKXFIFO
DNPLTXMAN;NAMDKTX;DDSTKXFIFO;MA_HQX;FK_DNPLTXMAN_DDSTKXFIFO
DNPLTXMAN;SOTKTX;DDSTKXFIFO;MA_HQX;FK_DNPLTXMAN_DDSTKXFIFO
DNPLTXMAN;LAN_TL;DDSTKXFIFO;MA_HQX;FK_DNPLTXMAN_DDSTKXFIFO
DNPLTXMAN;MA_HQTX;DDSTKXFIFO;MA_DV;FK_DNPLTXMAN_DDSTKXFIFO
DNPLTXMAN;MA_LHTX;DDSTKXFIFO;MA_DV;FK_DNPLTXMAN_DDSTKXFIFO
DNPLTXMAN;NAMDKTX;DDSTKXFIFO;MA_HQ;FK_DNPLTXMAN_DDSTKXFIFO
DNPLTXMAN;SOTKTX;DDSTKXFIFO;MA_HQ;FK_DNPLTXMAN_DDSTKXFIFO
DNPLTXMAN;LAN_TL;DDSTKXFIFO;MA_HQ;FK_DNPLTXMAN_DDSTKXFIFO
DNPLTXMAN;MA_DV;DDSTKXFIFO;MA_HQ;FK_DNPLTXMAN_DDSTKXFIFO
DNPLTXMAN;MA_LHTX;DDSTKXFIFO;LAN_TL;FK_DNPLTXMAN_DDSTKXFIFO
DNPLTXMAN;NAMDKTX;DDSTKXFIFO;MA_DV;FK_DNPLTXMAN_DDSTKXFIFO
DNPLTXMAN;SOTKTX;DDSTKXFIFO;MA_DV;FK_DNPLTXMAN_DDSTKXFIFO
DNPLTXMAN;LAN_TL;DDSTKXFIFO;MA_DV;FK_DNPLTXMAN_DDSTKXFIFO
DNPLTXMAN;MA_DV;DDSTKXFIFO;MA_DV;FK_DNPLTXMAN_DDSTKXFIFO
DNPLTXMAN;MA_HQ;DDSTKXFIFO;MA_DV;FK_DNPLTXMAN_DDSTKXFIFO
DNPLTXMAN;NAMDKTX;DDSTKXFIFO;LAN_TL;FK_DNPLTXMAN_DDSTKXFIFO
DNPLTXMAN;SOTKTX;DDSTKXFIFO;LAN_TL;FK_DNPLTXMAN_DDSTKXFIFO
DNPLTXMAN;LAN_TL;DDSTKXFIFO;LAN_TL;FK_DNPLTXMAN_DDSTKXFIFO
DNPLTXMAN;MA_DV;DDSTKXFIFO;LAN_TL;FK_DNPLTXMAN_DDSTKXFIFO
DNPLTXMAN;MA_HQ;DDSTKXFIFO;LAN_TL;FK_DNPLTXMAN_DDSTKXFIFO
DNPLTXMAN;MA_HQTX;DDSTKXFIFO;LAN_TL;FK_DNPLTXMAN_DDSTKXFIFO
DNPLTXMAN;LAN_TL;DDSTKNFIFO;SOTK;FK_DNPLTXMAN_DDSTKNFIFO
DNPLTXMAN;MA_DV;DDSTKNFIFO;SOTK;FK_DNPLTXMAN_DDSTKNFIFO
DNPLTXMAN;MA_HQ;DDSTKNFIFO;SOTK;FK_DNPLTXMAN_DDSTKNFIFO
DNPLTXMAN;MA_LH;DDSTKNFIFO;SOTK;FK_DNPLTXMAN_DDSTKNFIFO
DNPLTXMAN;NAMDK;DDSTKNFIFO;SOTK;FK_DNPLTXMAN_DDSTKNFIFO
DNPLTXMAN;SOTK;DDSTKNFIFO;SOTK;FK_DNPLTXMAN_DDSTKNFIFO
DNPLTXMAN;LAN_TL;DDSTKNFIFO;NAMDK;FK_DNPLTXMAN_DDSTKNFIFO
DNPLTXMAN;MA_DV;DDSTKNFIFO;NAMDK;FK_DNPLTXMAN_DDSTKNFIFO
DNPLTXMAN;MA_HQ;DDSTKNFIFO;NAMDK;FK_DNPLTXMAN_DDSTKNFIFO
DNPLTXMAN;MA_LH;DDSTKNFIFO;NAMDK;FK_DNPLTXMAN_DDSTKNFIFO
DNPLTXMAN;NAMDK;DDSTKNFIFO;NAMDK;FK_DNPLTXMAN_DDSTKNFIFO
DNPLTXMAN;SOTK;DDSTKNFIFO;NAMDK;FK_DNPLTXMAN_DDSTKNFIFO
DNPLTXMAN;LAN_TL;DDSTKNFIFO;MA_LH;FK_DNPLTXMAN_DDSTKNFIFO
DNPLTXMAN;MA_DV;DDSTKNFIFO;MA_LH;FK_DNPLTXMAN_DDSTKNFIFO
DNPLTXMAN;MA_HQ;DDSTKNFIFO;MA_LH;FK_DNPLTXMAN_DDSTKNFIFO
DNPLTXMAN;MA_LH;DDSTKNFIFO;MA_LH;FK_DNPLTXMAN_DDSTKNFIFO
DNPLTXMAN;NAMDK;DDSTKNFIFO;MA_LH;FK_DNPLTXMAN_DDSTKNFIFO
DNPLTXMAN;SOTK;DDSTKNFIFO;MA_LH;FK_DNPLTXMAN_DDSTKNFIFO
DNPLTXMAN;LAN_TL;DDSTKNFIFO;MA_HQ;FK_DNPLTXMAN_DDSTKNFIFO
DNPLTXMAN;MA_DV;DDSTKNFIFO;MA_HQ;FK_DNPLTXMAN_DDSTKNFIFO
DNPLTXMAN;MA_HQ;DDSTKNFIFO;MA_HQ;FK_DNPLTXMAN_DDSTKNFIFO
DNPLTXMAN;MA_LH;DDSTKNFIFO;MA_HQ;FK_DNPLTXMAN_DDSTKNFIFO
DNPLTXMAN;NAMDK;DDSTKNFIFO;MA_HQ;FK_DNPLTXMAN_DDSTKNFIFO
DNPLTXMAN;SOTK;DDSTKNFIFO;MA_HQ;FK_DNPLTXMAN_DDSTKNFIFO
DNPLTXMAN;LAN_TL;DDSTKNFIFO;MA_DV;FK_DNPLTXMAN_DDSTKNFIFO
DNPLTXMAN;MA_DV;DDSTKNFIFO;MA_DV;FK_DNPLTXMAN_DDSTKNFIFO
DNPLTXMAN;MA_HQ;DDSTKNFIFO;MA_DV;FK_DNPLTXMAN_DDSTKNFIFO
DNPLTXMAN;MA_LH;DDSTKNFIFO;MA_DV;FK_DNPLTXMAN_DDSTKNFIFO
DNPLTXMAN;NAMDK;DDSTKNFIFO;MA_DV;FK_DNPLTXMAN_DDSTKNFIFO
DNPLTXMAN;SOTK;DDSTKNFIFO;MA_DV;FK_DNPLTXMAN_DDSTKNFIFO
DNPLTXUAT_TL;LAN_TL;DLANTHANHLY;LAN_TL;FK_DNPLTXUAT_TL_DLANTHANHLY
DNPLTXUAT_TL;MA_DV;DLANTHANHLY;LAN_TL;FK_DNPLTXUAT_TL_DLANTHANHLY
DNPLTXUAT_TL;MA_HQ;DLANTHANHLY;LAN_TL;FK_DNPLTXUAT_TL_DLANTHANHLY
DNPLTXUAT_TL;LAN_TL;DLANTHANHLY;MA_DV;FK_DNPLTXUAT_TL_DLANTHANHLY
DNPLTXUAT_TL;MA_DV;DLANTHANHLY;MA_DV;FK_DNPLTXUAT_TL_DLANTHANHLY
DNPLTXUAT_TL;MA_HQ;DLANTHANHLY;MA_DV;FK_DNPLTXUAT_TL_DLANTHANHLY
DNPLTXUAT_TL;MA_LH;DNPLTXUAT;SOTK;FK_DNPLTXUAT_TL_DNPLTXUAT
DNPLTXUAT_TL;MA_NPL;DNPLTXUAT;SOTK;FK_DNPLTXUAT_TL_DNPLTXUAT
DNPLTXUAT_TL;NAMDK;DNPLTXUAT;SOTK;FK_DNPLTXUAT_TL_DNPLTXUAT
DNPLTXUAT_TL;SOTK;DNPLTXUAT;SOTK;FK_DNPLTXUAT_TL_DNPLTXUAT
DNPLTXUAT_TL;MA_HQ;DNPLTXUAT;NAMDK;FK_DNPLTXUAT_TL_DNPLTXUAT
DNPLTXUAT_TL;MA_LH;DNPLTXUAT;NAMDK;FK_DNPLTXUAT_TL_DNPLTXUAT
DNPLTXUAT_TL;MA_NPL;DNPLTXUAT;NAMDK;FK_DNPLTXUAT_TL_DNPLTXUAT
DNPLTXUAT_TL;NAMDK;DNPLTXUAT;NAMDK;FK_DNPLTXUAT_TL_DNPLTXUAT
DNPLTXUAT_TL;SOTK;DNPLTXUAT;NAMDK;FK_DNPLTXUAT_TL_DNPLTXUAT
DNPLTXUAT_TL;MA_HQ;DNPLTXUAT;SOTK;FK_DNPLTXUAT_TL_DNPLTXUAT
DNPLTXUAT_TL;SOTK;DNPLTXUAT;MA_LH;FK_DNPLTXUAT_TL_DNPLTXUAT
DNPLTXUAT_TL;MA_HQ;DNPLTXUAT;MA_NPL;FK_DNPLTXUAT_TL_DNPLTXUAT
DNPLTXUAT_TL;MA_LH;DNPLTXUAT;MA_NPL;FK_DNPLTXUAT_TL_DNPLTXUAT
DNPLTXUAT_TL;MA_NPL;DNPLTXUAT;MA_NPL;FK_DNPLTXUAT_TL_DNPLTXUAT
DNPLTXUAT_TL;NAMDK;DNPLTXUAT;MA_NPL;FK_DNPLTXUAT_TL_DNPLTXUAT
DNPLTXUAT_TL;SOTK;DNPLTXUAT;MA_NPL;FK_DNPLTXUAT_TL_DNPLTXUAT
DNPLTXUAT_TL;NAMDK;DNPLTXUAT;MA_HQ;FK_DNPLTXUAT_TL_DNPLTXUAT
DNPLTXUAT_TL;SOTK;DNPLTXUAT;MA_HQ;FK_DNPLTXUAT_TL_DNPLTXUAT
DNPLTXUAT_TL;MA_HQ;DNPLTXUAT;MA_LH;FK_DNPLTXUAT_TL_DNPLTXUAT
DNPLTXUAT_TL;MA_LH;DNPLTXUAT;MA_LH;FK_DNPLTXUAT_TL_DNPLTXUAT
DNPLTXUAT_TL;MA_NPL;DNPLTXUAT;MA_LH;FK_DNPLTXUAT_TL_DNPLTXUAT
DNPLTXUAT_TL;NAMDK;DNPLTXUAT;MA_LH;FK_DNPLTXUAT_TL_DNPLTXUAT
DNPLTXUAT_TL;LAN_TL;DLANTHANHLY;MA_HQ;FK_DNPLTXUAT_TL_DLANTHANHLY
DNPLTXUAT_TL;MA_DV;DLANTHANHLY;MA_HQ;FK_DNPLTXUAT_TL_DLANTHANHLY
DNPLTXUAT_TL;MA_HQ;DLANTHANHLY;MA_HQ;FK_DNPLTXUAT_TL_DLANTHANHLY
DNPLTXUAT_TL;MA_HQ;DNPLTXUAT;MA_HQ;FK_DNPLTXUAT_TL_DNPLTXUAT
DNPLTXUAT_TL;MA_LH;DNPLTXUAT;MA_HQ;FK_DNPLTXUAT_TL_DNPLTXUAT
DNPLTXUAT_TL;MA_NPL;DNPLTXUAT;MA_HQ;FK_DNPLTXUAT_TL_DNPLTXUAT
DNPLXGC;LAN_TL;DDSTKNFIFO;LAN_TL;FK_DNPLXGC_DDSTKNFIFO
DNPLXGC;MA_DV;DDSTKNFIFO;LAN_TL;FK_DNPLXGC_DDSTKNFIFO
DNPLXGC;MA_HQ;DDSTKNFIFO;LAN_TL;FK_DNPLXGC_DDSTKNFIFO
DNPLXGC;MA_LH;DDSTKNFIFO;LAN_TL;FK_DNPLXGC_DDSTKNFIFO
DNPLXGC;NAMDK;DDSTKNFIFO;LAN_TL;FK_DNPLXGC_DDSTKNFIFO
DNPLXGC;SOTK;DDSTKNFIFO;LAN_TL;FK_DNPLXGC_DDSTKNFIFO
DNPLXGC;MA_HQX;DDSTKXFIFO;SOTKX;FK_DNPLXGC_DDSTKXFIFO
DNPLXGC;MA_LHX;DDSTKXFIFO;SOTKX;FK_DNPLXGC_DDSTKXFIFO
DNPLXGC;NAMDKX;DDSTKXFIFO;SOTKX;FK_DNPLXGC_DDSTKXFIFO
DNPLXGC;SOTKX;DDSTKXFIFO;SOTKX;FK_DNPLXGC_DDSTKXFIFO
DNPLXGC;LAN_TL;DDSTKXFIFO;SOTKX;FK_DNPLXGC_DDSTKXFIFO
DNPLXGC;MA_DV;DDSTKXFIFO;SOTKX;FK_DNPLXGC_DDSTKXFIFO
DNPLXGC;MA_HQ;DDSTKXFIFO;SOTKX;FK_DNPLXGC_DDSTKXFIFO
DNPLXGC;NAMDKX;DDSTKXFIFO;NAMDKX;FK_DNPLXGC_DDSTKXFIFO
DNPLXGC;SOTKX;DDSTKXFIFO;NAMDKX;FK_DNPLXGC_DDSTKXFIFO
DNPLXGC;LAN_TL;DDSTKXFIFO;NAMDKX;FK_DNPLXGC_DDSTKXFIFO
DNPLXGC;MA_DV;DDSTKXFIFO;NAMDKX;FK_DNPLXGC_DDSTKXFIFO
DNPLXGC;MA_HQ;DDSTKXFIFO;NAMDKX;FK_DNPLXGC_DDSTKXFIFO
DNPLXGC;MA_HQX;DDSTKXFIFO;NAMDKX;FK_DNPLXGC_DDSTKXFIFO
DNPLXGC;SOTKX;DDSTKXFIFO;MA_LHX;FK_DNPLXGC_DDSTKXFIFO
DNPLXGC;LAN_TL;DDSTKXFIFO;MA_LHX;FK_DNPLXGC_DDSTKXFIFO
DNPLXGC;MA_DV;DDSTKXFIFO;MA_LHX;FK_DNPLXGC_DDSTKXFIFO
DNPLXGC;MA_HQ;DDSTKXFIFO;MA_LHX;FK_DNPLXGC_DDSTKXFIFO
DNPLXGC;MA_HQX;DDSTKXFIFO;MA_LHX;FK_DNPLXGC_DDSTKXFIFO
DNPLXGC;MA_LHX;DDSTKXFIFO;NAMDKX;FK_DNPLXGC_DDSTKXFIFO
DNPLXGC;LAN_TL;DDSTKXFIFO;MA_HQX;FK_DNPLXGC_DDSTKXFIFO
DNPLXGC;MA_DV;DDSTKXFIFO;MA_HQX;FK_DNPLXGC_DDSTKXFIFO
DNPLXGC;MA_HQ;DDSTKXFIFO;MA_HQX;FK_DNPLXGC_DDSTKXFIFO
DNPLXGC;MA_HQX;DDSTKXFIFO;MA_HQX;FK_DNPLXGC_DDSTKXFIFO
DNPLXGC;MA_LHX;DDSTKXFIFO;MA_LHX;FK_DNPLXGC_DDSTKXFIFO
DNPLXGC;NAMDKX;DDSTKXFIFO;MA_LHX;FK_DNPLXGC_DDSTKXFIFO
DNPLXGC;MA_DV;DDSTKXFIFO;MA_HQ;FK_DNPLXGC_DDSTKXFIFO
DNPLXGC;MA_HQ;DDSTKXFIFO;MA_HQ;FK_DNPLXGC_DDSTKXFIFO
DNPLXGC;MA_HQX;DDSTKXFIFO;MA_HQ;FK_DNPLXGC_DDSTKXFIFO
DNPLXGC;MA_LHX;DDSTKXFIFO;MA_HQX;FK_DNPLXGC_DDSTKXFIFO
DNPLXGC;NAMDKX;DDSTKXFIFO;MA_HQX;FK_DNPLXGC_DDSTKXFIFO
DNPLXGC;SOTKX;DDSTKXFIFO;MA_HQX;FK_DNPLXGC_DDSTKXFIFO
DNPLXGC;MA_HQ;DDSTKXFIFO;MA_DV;FK_DNPLXGC_DDSTKXFIFO
DNPLXGC;MA_HQX;DDSTKXFIFO;MA_DV;FK_DNPLXGC_DDSTKXFIFO
DNPLXGC;MA_LHX;DDSTKXFIFO;MA_HQ;FK_DNPLXGC_DDSTKXFIFO
DNPLXGC;NAMDKX;DDSTKXFIFO;MA_HQ;FK_DNPLXGC_DDSTKXFIFO
DNPLXGC;SOTKX;DDSTKXFIFO;MA_HQ;FK_DNPLXGC_DDSTKXFIFO
DNPLXGC;LAN_TL;DDSTKXFIFO;MA_HQ;FK_DNPLXGC_DDSTKXFIFO
DNPLXGC;MA_HQX;DDSTKXFIFO;LAN_TL;FK_DNPLXGC_DDSTKXFIFO
DNPLXGC;MA_LHX;DDSTKXFIFO;MA_DV;FK_DNPLXGC_DDSTKXFIFO
DNPLXGC;NAMDKX;DDSTKXFIFO;MA_DV;FK_DNPLXGC_DDSTKXFIFO
DNPLXGC;SOTKX;DDSTKXFIFO;MA_DV;FK_DNPLXGC_DDSTKXFIFO
DNPLXGC;LAN_TL;DDSTKXFIFO;MA_DV;FK_DNPLXGC_DDSTKXFIFO
DNPLXGC;MA_DV;DDSTKXFIFO;MA_DV;FK_DNPLXGC_DDSTKXFIFO
DNPLXGC;MA_LHX;DDSTKXFIFO;LAN_TL;FK_DNPLXGC_DDSTKXFIFO
DNPLXGC;NAMDKX;DDSTKXFIFO;LAN_TL;FK_DNPLXGC_DDSTKXFIFO
DNPLXGC;SOTKX;DDSTKXFIFO;LAN_TL;FK_DNPLXGC_DDSTKXFIFO
DNPLXGC;LAN_TL;DDSTKXFIFO;LAN_TL;FK_DNPLXGC_DDSTKXFIFO
DNPLXGC;MA_DV;DDSTKXFIFO;LAN_TL;FK_DNPLXGC_DDSTKXFIFO
DNPLXGC;MA_HQ;DDSTKXFIFO;LAN_TL;FK_DNPLXGC_DDSTKXFIFO
DNPLXGC;LAN_TL;DDSTKNFIFO;SOTK;FK_DNPLXGC_DDSTKNFIFO
DNPLXGC;MA_DV;DDSTKNFIFO;SOTK;FK_DNPLXGC_DDSTKNFIFO
DNPLXGC;MA_HQ;DDSTKNFIFO;SOTK;FK_DNPLXGC_DDSTKNFIFO
DNPLXGC;MA_LH;DDSTKNFIFO;SOTK;FK_DNPLXGC_DDSTKNFIFO
DNPLXGC;NAMDK;DDSTKNFIFO;SOTK;FK_DNPLXGC_DDSTKNFIFO
DNPLXGC;SOTK;DDSTKNFIFO;SOTK;FK_DNPLXGC_DDSTKNFIFO
DNPLXGC;LAN_TL;DDSTKNFIFO;NAMDK;FK_DNPLXGC_DDSTKNFIFO
DNPLXGC;MA_DV;DDSTKNFIFO;NAMDK;FK_DNPLXGC_DDSTKNFIFO
DNPLXGC;MA_HQ;DDSTKNFIFO;NAMDK;FK_DNPLXGC_DDSTKNFIFO
DNPLXGC;MA_LH;DDSTKNFIFO;NAMDK;FK_DNPLXGC_DDSTKNFIFO
DNPLXGC;NAMDK;DDSTKNFIFO;NAMDK;FK_DNPLXGC_DDSTKNFIFO
DNPLXGC;SOTK;DDSTKNFIFO;NAMDK;FK_DNPLXGC_DDSTKNFIFO
DNPLXGC;LAN_TL;DDSTKNFIFO;MA_LH;FK_DNPLXGC_DDSTKNFIFO
DNPLXGC;MA_DV;DDSTKNFIFO;MA_LH;FK_DNPLXGC_DDSTKNFIFO
DNPLXGC;MA_HQ;DDSTKNFIFO;MA_LH;FK_DNPLXGC_DDSTKNFIFO
DNPLXGC;MA_LH;DDSTKNFIFO;MA_LH;FK_DNPLXGC_DDSTKNFIFO
DNPLXGC;NAMDK;DDSTKNFIFO;MA_LH;FK_DNPLXGC_DDSTKNFIFO
DNPLXGC;SOTK;DDSTKNFIFO;MA_LH;FK_DNPLXGC_DDSTKNFIFO
DNPLXGC;LAN_TL;DDSTKNFIFO;MA_HQ;FK_DNPLXGC_DDSTKNFIFO
DNPLXGC;MA_DV;DDSTKNFIFO;MA_HQ;FK_DNPLXGC_DDSTKNFIFO
DNPLXGC;MA_HQ;DDSTKNFIFO;MA_HQ;FK_DNPLXGC_DDSTKNFIFO
DNPLXGC;MA_LH;DDSTKNFIFO;MA_HQ;FK_DNPLXGC_DDSTKNFIFO
DNPLXGC;NAMDK;DDSTKNFIFO;MA_HQ;FK_DNPLXGC_DDSTKNFIFO
DNPLXGC;SOTK;DDSTKNFIFO;MA_HQ;FK_DNPLXGC_DDSTKNFIFO
DNPLXGC;LAN_TL;DDSTKNFIFO;MA_DV;FK_DNPLXGC_DDSTKNFIFO
DNPLXGC;MA_DV;DDSTKNFIFO;MA_DV;FK_DNPLXGC_DDSTKNFIFO
DNPLXGC;MA_HQ;DDSTKNFIFO;MA_DV;FK_DNPLXGC_DDSTKNFIFO
DNPLXGC;MA_LH;DDSTKNFIFO;MA_DV;FK_DNPLXGC_DDSTKNFIFO
DNPLXGC;NAMDK;DDSTKNFIFO;MA_DV;FK_DNPLXGC_DDSTKNFIFO
DNPLXGC;SOTK;DDSTKNFIFO;MA_DV;FK_DNPLXGC_DDSTKNFIFO
DNPLXHMAN;LAN_TL;DDSTKNFIFO;LAN_TL;FK_DNPLXHMAN_DDSTKNFIFO
DNPLXHMAN;MA_DV;DDSTKNFIFO;LAN_TL;FK_DNPLXHMAN_DDSTKNFIFO
DNPLXHMAN;MA_HQ;DDSTKNFIFO;LAN_TL;FK_DNPLXHMAN_DDSTKNFIFO
DNPLXHMAN;MA_LH;DDSTKNFIFO;LAN_TL;FK_DNPLXHMAN_DDSTKNFIFO
DNPLXHMAN;NAMDK;DDSTKNFIFO;LAN_TL;FK_DNPLXHMAN_DDSTKNFIFO
DNPLXHMAN;SOTK;DDSTKNFIFO;LAN_TL;FK_DNPLXHMAN_DDSTKNFIFO
DNPLXHMAN;LAN_TL;DDSTKNFIFO;SOTK;FK_DNPLXHMAN_DDSTKNFIFO
DNPLXHMAN;MA_DV;DDSTKNFIFO;SOTK;FK_DNPLXHMAN_DDSTKNFIFO
DNPLXHMAN;MA_HQ;DDSTKNFIFO;SOTK;FK_DNPLXHMAN_DDSTKNFIFO
DNPLXHMAN;MA_LH;DDSTKNFIFO;SOTK;FK_DNPLXHMAN_DDSTKNFIFO
DNPLXHMAN;NAMDK;DDSTKNFIFO;SOTK;FK_DNPLXHMAN_DDSTKNFIFO
DNPLXHMAN;SOTK;DDSTKNFIFO;SOTK;FK_DNPLXHMAN_DDSTKNFIFO
DNPLXHMAN;LAN_TL;DDSTKNFIFO;NAMDK;FK_DNPLXHMAN_DDSTKNFIFO
DNPLXHMAN;MA_DV;DDSTKNFIFO;NAMDK;FK_DNPLXHMAN_DDSTKNFIFO
DNPLXHMAN;MA_HQ;DDSTKNFIFO;NAMDK;FK_DNPLXHMAN_DDSTKNFIFO
DNPLXHMAN;MA_LH;DDSTKNFIFO;NAMDK;FK_DNPLXHMAN_DDSTKNFIFO
DNPLXHMAN;NAMDK;DDSTKNFIFO;NAMDK;FK_DNPLXHMAN_DDSTKNFIFO
DNPLXHMAN;SOTK;DDSTKNFIFO;NAMDK;FK_DNPLXHMAN_DDSTKNFIFO
DNPLXHMAN;LAN_TL;DDSTKNFIFO;MA_LH;FK_DNPLXHMAN_DDSTKNFIFO
DNPLXHMAN;MA_DV;DDSTKNFIFO;MA_LH;FK_DNPLXHMAN_DDSTKNFIFO
DNPLXHMAN;MA_HQ;DDSTKNFIFO;MA_LH;FK_DNPLXHMAN_DDSTKNFIFO
DNPLXHMAN;MA_LH;DDSTKNFIFO;MA_LH;FK_DNPLXHMAN_DDSTKNFIFO
DNPLXHMAN;NAMDK;DDSTKNFIFO;MA_LH;FK_DNPLXHMAN_DDSTKNFIFO
DNPLXHMAN;SOTK;DDSTKNFIFO;MA_LH;FK_DNPLXHMAN_DDSTKNFIFO
DNPLXHMAN;LAN_TL;DDSTKNFIFO;MA_HQ;FK_DNPLXHMAN_DDSTKNFIFO
DNPLXHMAN;MA_DV;DDSTKNFIFO;MA_HQ;FK_DNPLXHMAN_DDSTKNFIFO
DNPLXHMAN;MA_HQ;DDSTKNFIFO;MA_HQ;FK_DNPLXHMAN_DDSTKNFIFO
DNPLXHMAN;MA_LH;DDSTKNFIFO;MA_HQ;FK_DNPLXHMAN_DDSTKNFIFO
DNPLXHMAN;NAMDK;DDSTKNFIFO;MA_HQ;FK_DNPLXHMAN_DDSTKNFIFO
DNPLXHMAN;SOTK;DDSTKNFIFO;MA_HQ;FK_DNPLXHMAN_DDSTKNFIFO
DNPLXHMAN;LAN_TL;DDSTKNFIFO;MA_DV;FK_DNPLXHMAN_DDSTKNFIFO
DNPLXHMAN;MA_DV;DDSTKNFIFO;MA_DV;FK_DNPLXHMAN_DDSTKNFIFO
DNPLXHMAN;MA_HQ;DDSTKNFIFO;MA_DV;FK_DNPLXHMAN_DDSTKNFIFO
DNPLXHMAN;MA_LH;DDSTKNFIFO;MA_DV;FK_DNPLXHMAN_DDSTKNFIFO
DNPLXHMAN;NAMDK;DDSTKNFIFO;MA_DV;FK_DNPLXHMAN_DDSTKNFIFO
DNPLXHMAN;SOTK;DDSTKNFIFO;MA_DV;FK_DNPLXHMAN_DDSTKNFIFO
DNPLXUAT_TL;LAN_TL;DLANTHANHLY;LAN_TL;FK_DNPLXUAT_TL_DLANTHANHLY
DNPLXUAT_TL;MA_DV;DLANTHANHLY;LAN_TL;FK_DNPLXUAT_TL_DLANTHANHLY
DNPLXUAT_TL;MA_HQ;DLANTHANHLY;LAN_TL;FK_DNPLXUAT_TL_DLANTHANHLY
DNPLXUAT_TL;LAN_TL;DLANTHANHLY;MA_DV;FK_DNPLXUAT_TL_DLANTHANHLY
DNPLXUAT_TL;MA_DV;DLANTHANHLY;MA_DV;FK_DNPLXUAT_TL_DLANTHANHLY
DNPLXUAT_TL;MA_HQ;DLANTHANHLY;MA_DV;FK_DNPLXUAT_TL_DLANTHANHLY
DNPLXUAT_TL;MA_SP;DNPLXUAT;SOTK;FK_DNPLXUAT_TL_DNPLXUAT
DNPLXUAT_TL;NAMDKX;DNPLXUAT;SOTK;FK_DNPLXUAT_TL_DNPLXUAT
DNPLXUAT_TL;SOTKX;DNPLXUAT;SOTK;FK_DNPLXUAT_TL_DNPLXUAT
DNPLXUAT_TL;MA_SP;DNPLXUAT;NAMDK;FK_DNPLXUAT_TL_DNPLXUAT
DNPLXUAT_TL;NAMDKX;DNPLXUAT;NAMDK;FK_DNPLXUAT_TL_DNPLXUAT
DNPLXUAT_TL;SOTKX;DNPLXUAT;NAMDK;FK_DNPLXUAT_TL_DNPLXUAT
DNPLXUAT_TL;MA_HQX;DNPLXUAT;SOTK;FK_DNPLXUAT_TL_DNPLXUAT
DNPLXUAT_TL;MA_LHX;DNPLXUAT;SOTK;FK_DNPLXUAT_TL_DNPLXUAT
DNPLXUAT_TL;MA_NPL;DNPLXUAT;SOTK;FK_DNPLXUAT_TL_DNPLXUAT
DNPLXUAT_TL;MA_SP;DNPLXUAT;MA_SP;FK_DNPLXUAT_TL_DNPLXUAT
DNPLXUAT_TL;NAMDKX;DNPLXUAT;MA_SP;FK_DNPLXUAT_TL_DNPLXUAT
DNPLXUAT_TL;SOTKX;DNPLXUAT;MA_SP;FK_DNPLXUAT_TL_DNPLXUAT
DNPLXUAT_TL;MA_HQX;DNPLXUAT;NAMDK;FK_DNPLXUAT_TL_DNPLXUAT
DNPLXUAT_TL;MA_LHX;DNPLXUAT;NAMDK;FK_DNPLXUAT_TL_DNPLXUAT
DNPLXUAT_TL;MA_NPL;DNPLXUAT;NAMDK;FK_DNPLXUAT_TL_DNPLXUAT
DNPLXUAT_TL;MA_SP;DNPLXUAT;MA_NPL;FK_DNPLXUAT_TL_DNPLXUAT
DNPLXUAT_TL;NAMDKX;DNPLXUAT;MA_NPL;FK_DNPLXUAT_TL_DNPLXUAT
DNPLXUAT_TL;SOTKX;DNPLXUAT;MA_NPL;FK_DNPLXUAT_TL_DNPLXUAT
DNPLXUAT_TL;MA_HQX;DNPLXUAT;MA_SP;FK_DNPLXUAT_TL_DNPLXUAT
DNPLXUAT_TL;MA_LHX;DNPLXUAT;MA_SP;FK_DNPLXUAT_TL_DNPLXUAT
DNPLXUAT_TL;MA_NPL;DNPLXUAT;MA_SP;FK_DNPLXUAT_TL_DNPLXUAT
DNPLXUAT_TL;MA_SP;DNPLXUAT;MA_LH;FK_DNPLXUAT_TL_DNPLXUAT
DNPLXUAT_TL;NAMDKX;DNPLXUAT;MA_LH;FK_DNPLXUAT_TL_DNPLXUAT
DNPLXUAT_TL;SOTKX;DNPLXUAT;MA_LH;FK_DNPLXUAT_TL_DNPLXUAT
DNPLXUAT_TL;MA_HQX;DNPLXUAT;MA_NPL;FK_DNPLXUAT_TL_DNPLXUAT
DNPLXUAT_TL;MA_LHX;DNPLXUAT;MA_NPL;FK_DNPLXUAT_TL_DNPLXUAT
DNPLXUAT_TL;MA_NPL;DNPLXUAT;MA_NPL;FK_DNPLXUAT_TL_DNPLXUAT
DNPLXUAT_TL;MA_SP;DNPLXUAT;MA_HQ;FK_DNPLXUAT_TL_DNPLXUAT
DNPLXUAT_TL;NAMDKX;DNPLXUAT;MA_HQ;FK_DNPLXUAT_TL_DNPLXUAT
DNPLXUAT_TL;SOTKX;DNPLXUAT;MA_HQ;FK_DNPLXUAT_TL_DNPLXUAT
DNPLXUAT_TL;MA_HQX;DNPLXUAT;MA_LH;FK_DNPLXUAT_TL_DNPLXUAT
DNPLXUAT_TL;MA_LHX;DNPLXUAT;MA_LH;FK_DNPLXUAT_TL_DNPLXUAT
DNPLXUAT_TL;MA_NPL;DNPLXUAT;MA_LH;FK_DNPLXUAT_TL_DNPLXUAT
DNPLXUAT_TL;LAN_TL;DLANTHANHLY;MA_HQ;FK_DNPLXUAT_TL_DLANTHANHLY
DNPLXUAT_TL;MA_DV;DLANTHANHLY;MA_HQ;FK_DNPLXUAT_TL_DLANTHANHLY
DNPLXUAT_TL;MA_HQ;DLANTHANHLY;MA_HQ;FK_DNPLXUAT_TL_DLANTHANHLY
DNPLXUAT_TL;MA_HQX;DNPLXUAT;MA_HQ;FK_DNPLXUAT_TL_DNPLXUAT
DNPLXUAT_TL;MA_LHX;DNPLXUAT;MA_HQ;FK_DNPLXUAT_TL_DNPLXUAT
DNPLXUAT_TL;MA_NPL;DNPLXUAT;MA_HQ;FK_DNPLXUAT_TL_DNPLXUAT
DTACHVANDON_CT;DTACHVANDONID;DTACHVANDON;DTACHVANDONID;FK_DTACHVANDON_CT_DTACHVANDON
DTACHVANDON_CT_NHANH;DTACHVANDONID;DTACHVANDON;DTACHVANDONID;FK_DTACHVANDON_CT_NHANH_DTACHVANDON
DTACHVANDON_CT_NHANH_CT;DTACHVANDONID;DTACHVANDON;DTACHVANDONID;FK_DTACHVANDON_CT_NHANH_CT_DTACHVANDON
DTBLP_CT;DTBLPID;DTBLP;DTBLPID;FK_DTBLP_CT_DTBLP
DTBT_CT;DTBTID;DTBT;DTBTID;FK_DTBT_CT_DTBT
DTOKHAIMD;DVan_DonID;DVAN_DON;DVan_DonID;FK_DTOKHAIMD_DVAN_DON
DToKhaiMD_ChungThuGD;DChungThuGDID;DChungThuGD;DChungThuGDID;FK_DToKhaiMD_ChungThuGD_DChungThuGD
DToKhaiMD_ChuyenCK;DChuyenCKID;DChuyenCK;DChuyenCKID;FK_DToKhaiMD_ChuyenCK_DChuyenCK
DTOKHAIMD_CO;DCOID;DCO;DCOID;FK_DTOKHAIMD_CO_DCO
DTOKHAIMD_CO;_DToKhaiMDID;DTOKHAIMD;_DToKhaiMDID;FK_DTOKHAIMD_CO_DTOKHAIMD
DTOKHAIMD_GIAYKETQUAKT;DGiayKetQuaKTID;DGiayKetQuaKT;DGiayKetQuaKTID;FK_DTOKHAIMD_GIAYKETQUAKT_DGiayKetQuaKT
DToKhaiMD_GiayKiemTraCL;DGiayKiemTraCLID;DGiayKiemTraCL;DGiayKiemTraCLID;FK_DToKhaiMD_GiayKiemTraCL_DGiayKiemTraCL
DToKhaiMD_GiayNopTien;DGiayNopTienID;DGiayNopTien;DGiayNopTienID;FK_DToKhaiMD_GiayNopTien_DGiayNopTien
DTOKHAIMD_GP;DGiayPhepID;DGIAYPHEP;DGiayPhepID;FK_DTOKHAIMD_GP_DGIAYPHEP
DTOKHAIMD_GP;_DToKhaiMDID;DTOKHAIMD;_DToKhaiMDID;FK_DTOKHAIMD_GP_DTOKHAIMD
DTOKHAIMD_HoaDonTM;DHoaDonTMID;DHoaDonTM;DHoaDonTMID;FK_DTOKHAIMD_HoaDonTM_DHoaDonTM
DTOKHAIMD_HOPDONGTM;DHopDongTMID;DHOPDONGTM;DHopDongTMID;FK_DTOKHAIMD_HOPDONG_DHOPDONG
DTOKHAIMD_HOSO;DHOSOTOKHAIID;DHOSOTOKHAI;DHOSOTOKHAIID;FK_DTOKHAIMD_HOSO_DHOSOTOKHAI
DVAN_DON_CHI_TIET;DVan_DonID;DVAN_DON;DVan_DonID;FK_DVAN_DON_CHI_TIET_DVAN_DON
DVAN_DON_HANG;DVAN_DONID;DVAN_DON;DVan_DonID;FK_DVAN_DON_HANG_DVAN_DON
E_GUI_DU_LIEU_ChungTu;E_GUI_DU_LIEUID;E_GUI_DU_LIEU;E_GUI_DU_LIEUID;FK_E_GUI_DU_LIEU_ChungTu
GC_KBTL_BS;KBTL_HDGCID;GC_KBTL_HDGC;KBTL_HDGCID;FK_KBTL_BS_KBTL_HDGC
GC_KBTL_CT;KBTL_HDGCID;GC_KBTL_HDGC;KBTL_HDGCID;FK_KBTL_CT_KBTL_HDGC1
GC_KBTL_NPL_BT;KBTL_NPL_BT_BBID;GC_KBTL_NPL_BT_BB;KBTL_NPL_BT_BBID;FK_KBTL_NPL_BT_KBTL_NPL_BT_BB
GC_KBTL_NPL_BT_BB;KBTL_HDGCID;GC_KBTL_HDGC;KBTL_HDGCID;FK_KBTL_NPL_BT_BB_KBTL_HDGC
GC_KBTL_NPL_HUY;KBTL_NPL_HUY_BBID;GC_KBTL_NPL_HUY_BB;KBTL_NPL_HUY_BBID;FK_KBTL_NPL_HUY_KBTL_NPL_HUY_BB
GC_KBTL_NPL_HUY_BB;KBTL_HDGCID;GC_KBTL_HDGC;KBTL_HDGCID;FK_KBTL_NPL_HUY_BB_KBTL_HDGC
GC_KBTL_TH_NPL;KBTL_THID;GC_KBTL_TH;KBTL_THID;FK_KBTL_TH_NPL_KBTL_TH
GC_TKNCU;GC_NPLCUID;GC_NPLCU;GC_NPLCUID;FK_GC_TKNCU_GC_NPLCU
GC_TKNCU_SUA;GC_NPLCUID;GC_NPLCU_SUA;GC_NPLCUID;FK_GC_TKNCU_SUA_GC_NPLCU_SUA
HDGC;MA_NT;SNGTE;MA_NT;FK_HDGC_SNGTE
HM_HD;HDGCID;HDGC;HDGCID;FK_HM_HD_HDGC
KHO_DVATTU_CHITIET;KHO_DVATTUID;KHO_DVATTU;KHO_DVATTUID;FK_KHO_DVATTU_CHITIET_KHO_DVATTU
KJ_DTINHTON_CT;KJ_DTINHTONID;KJ_DTINHTON;KJ_DTINHTONID;FK_KJ_DTINHTON_CT_KJ_DTINHTON
KJ_DTINHTON_KETQUA;KJ_DTINHTONID;KJ_DTINHTON;KJ_DTINHTONID;FK_KJ_DTINHTON_KETQUA_KJ_DTINHTON
KJ_DTINHTON_NPL;KJ_DTINHTONID;KJ_DTINHTON;KJ_DTINHTONID;FK_KJ_DTINHTON_NPL_KJ_DTINHTON
KJ_DTINHTON_QUYDOI;KJ_DTINHTONID;KJ_DTINHTON;KJ_DTINHTONID;FK_KJ_DTINHTON_QUYDOI_KJ_DTINHTON
LOAISP_HD;HDGCID;HDGC;HDGCID;FK_LOAISP_HD_HDGC
LOAISP_HD;MA_LOAI_SP;SDanhMucGC;Ma_SP;FK_LOAISP_HD_SDanhMucGC
NPL_HD;HDGCID;HDGC;HDGCID;FK_NPL_HD_HDGC
NSX_DCHUNGTU_HANG;NSX_DCHUNGTUID;NSX_DCHUNGTU;NSX_DCHUNGTUID;FK_NSX_DCHUNGTU_HANG_NSX_DCHUNGTU
NSX_DCHUNGTU_HOPDONG;NSX_DCHUNGTUID;NSX_DCHUNGTU;NSX_DCHUNGTUID;FK_NSX_DCHUNGTU_HOPDONG_NSX_DCHUNGTU
PHUKIEN_HANG;PHUKIEN_HDID;PHUKIEN_HD;PHUKIEN_HDID;FK_PHUKIEN_HANG_PHUKIEN_HD
PHUKIEN_HANG;PHUKIEN_LOAIID;PHUKIEN_LOAI;PHUKIEN_LOAIID;FK_PHUKIEN_HANG_PHUKIEN_LOAI
PHUKIEN_LOAI;MA_LOAIPK;LOAIPK;MA_LOAIPK;FK_PHUKIEN_LOAI_LOAIPK
PHUKIEN_LOAI;PHUKIEN_HDID;PHUKIEN_HD;PHUKIEN_HDID;FK_PHUKIEN_LOAI_PHUKIEN_HD
PHUKIEN_ND;PHUKIEN_LOAIID;PHUKIEN_LOAI;PHUKIEN_LOAIID;FK_PHUKIEN_ND_PHUKIEN_LOAI
PHUKIEN_TTC;PHUKIEN_LOAIID;PHUKIEN_LOAI;PHUKIEN_LOAIID;FK_PHUKIEN_TTC_PHUKIEN_LOAI
SP_HD;HDGCID;HDGC;HDGCID;FK_SP_HD_HDGC
SYSACTIONLOG;Username;SYSAPPUSER;UserName;FK_SYSACTIONLOG_SYSAPPUSER
SYSACTIONLOG;ActionCode;SYSACTIONTYPE;ActionCode;FK_SYSACTIONLOG_SYSACTIONTYPE
SYSACTIONTYPE;FunctionCode;SYSACTIONFUNCTION;FunctionCode;FK_SYSACTIONTYPE_SYSACTIONFUNCTION
SYSAPPUSER_GROUP;UserID;SYSAPPUSER;UserID;FK_SYSAPPUSER_GROUP_SYSAPPUSER
SYSAPPUSER_GROUP;UserGroupID;SYSAPPUSERGROUP;UserGroupID;FK_SYSAPPUSER_GROUP_SYSAPPUSERGROUP
TB_HD;HDGCID;HDGC;HDGCID;FK_TB_HD_HDGC
TCT_TKTG_PP1;_DHangMDDKID;DHANGMDDK;_DHangMDDKID;FK_TCT_TKTG_PP1_DHANGMDDK
TCT_TKTG_PP1;TTKTG_PP1ID;TTKTG_PP1;TTKTG_PP1ID;FK_TCT_TKTG_PP1_TTKTG_PP1
TT39_KB_QUYETTOAN_HANG;TT39_KB_QUYETTOANID;TT39_KB_QUYETTOAN;TT39_KB_QUYETTOANID;FK_TT39_KB_QUYETTOAN_HANG_TT39_KB_QUYETTOAN
TT39_KB_QUYETTOAN_HD;TT39_KB_QUYETTOANID;TT39_KB_QUYETTOAN;TT39_KB_QUYETTOANID;FK_TT39_KB_QUYETTOAN_HD_TT39_KB_QUYETTOAN
TT39_KB_QUYETTOAN_TB_HANG;TT39_KB_QUYETTOAN_TBID;TT39_KB_QUYETTOAN_TB;TT39_KB_QUYETTOAN_TBID;FK_TT39_KB_QUYETTOAN_TB_HANG_TT39_KB_QUYETTOAN_TB
TT39_KB_QUYETTOAN_TB_HD;TT39_KB_QUYETTOAN_TBID;TT39_KB_QUYETTOAN_TB;TT39_KB_QUYETTOAN_TBID;FK_TT39_KB_QUYETTOAN_TB_HD_TT39_KB_QUYETTOAN_TB
TTKTG_PP1;_DToKhaiMDID;DTOKHAIMD;_DToKhaiMDID;FK_TTKTG_PP1_DTOKHAIMD
TTKTG_PP2;_DHangMDDKID;DHANGMDDK;_DHangMDDKID;FK_TTKTG_PP2_DHANGMDDK
TTKTG_PP3;_DHangMDDKID;DHANGMDDK;_DHangMDDKID;FK_TTKTG_PP3_DHANGMDDK
TTKTG_PP4;_DHangMDDKID;DHANGMDDK;_DHangMDDKID;FK_TTKTG_PP4_DHANGMDDK
TTKTG_PP5;_DHangMDDKID;DHANGMDDK;_DHangMDDKID;FK_TTKTG_PP5_DHANGMDDK
TTKTG_PP6;_DHangMDDKID;DHANGMDDK;_DHangMDDKID;FK_TTKTG_PP6_DHANGMDDK
